tconst,film,year_film,averageRating,dir_won_before,budget,nb_actor_won_before,won_bafta,won_gg_drama,won_gg_comedy,winner,",",-,A,B,C,D,F,H,M,N,R,S,T,W,a,c,d,e,g,h,i,l,m,n,o,p,r,s,t,u,v,y
tt0018379,7thheaven,1927,7.5,0,,0,0,0,0,0,1,0,0,0,0,1,0,0,0,0,1,0,0,0,1,1,0,1,0,0,0,0,1,1,1,0,1,0,0,0,0,0
tt0018578,wings,1927,7.5,0,2000000.0,0,0,0,0,1,1,0,1,0,0,1,0,0,0,0,1,0,0,0,1,1,0,1,0,0,1,0,1,1,1,0,1,0,1,0,0,0
tt0019257,thepatriot,1928,,0,,2,0,0,0,0,1,0,0,0,0,1,0,1,0,0,0,0,1,0,1,0,0,1,0,1,1,1,1,0,1,0,1,1,1,0,0,1
tt0019304,theracket,1927,6.6,0,,0,0,0,0,0,1,1,0,0,1,1,1,0,0,1,0,0,0,0,1,0,0,1,0,0,1,1,1,0,1,0,1,0,0,0,0,0
tt0019630,alibi,1928,5.6,0,,0,0,0,0,0,1,0,1,0,1,0,0,0,0,0,1,0,0,0,1,1,0,1,0,0,1,0,1,1,1,0,1,0,1,0,0,0
tt0019729,thebroadwaymelody,1928,5.5,0,,0,0,0,0,1,1,0,0,0,0,1,0,0,1,0,1,0,0,0,1,1,0,1,0,0,1,1,1,1,1,0,1,1,0,1,0,0
tt0019823,disraeli,1929,6.1,0,,0,0,0,0,0,1,0,0,1,0,1,0,1,0,0,0,0,0,0,1,0,0,0,1,1,1,0,1,0,1,1,1,1,1,0,0,1
tt0019993,hollywoodrevue,1928,5.7,0,,0,0,0,0,0,1,0,0,0,1,0,0,0,1,0,0,0,0,0,0,1,1,1,0,0,1,0,1,0,1,0,0,1,0,1,0,1
tt0020018,inoldarizona,1928,5.5,0,,0,0,0,0,0,1,0,0,0,0,1,0,0,0,0,0,0,0,1,1,0,0,1,0,0,0,0,1,1,0,0,1,1,1,0,0,0
tt0020112,theloveparade,1929,7.0,0,,0,0,0,0,0,1,0,0,0,1,0,0,0,1,0,1,0,0,0,1,1,1,1,0,0,1,1,1,1,1,0,0,1,0,1,0,1
tt0020629,allquietonthewesternfront,1929,8.1,1,1200000.0,0,0,0,0,1,1,0,0,0,0,1,0,0,0,0,0,0,0,1,1,0,0,0,0,0,0,0,1,0,0,0,1,0,0,0,0,0
tt0020686,thebighouse,1929,7.1,0,,0,0,0,0,0,1,0,0,0,1,1,0,0,0,0,0,0,1,0,1,0,0,1,0,1,1,1,1,0,0,0,1,0,0,0,0,0
tt0020827,thedivorcee,1929,6.7,0,,0,0,0,0,0,1,0,0,0,0,1,0,0,0,0,1,0,0,0,1,1,0,1,0,0,0,0,1,1,1,0,1,0,0,0,0,0
tt0021622,arrowsmith,1931,6.2,0,,0,0,0,0,0,0,0,0,0,0,1,0,0,0,0,0,0,0,0,1,0,0,0,0,0,0,0,1,0,0,0,1,0,0,0,0,0
tt0021635,badgirl,1931,6.4,1,,0,0,0,0,0,1,0,0,0,0,1,0,0,0,0,1,0,0,0,1,1,0,1,0,0,0,0,1,1,1,0,1,0,0,0,0,0
tt0021730,thechamp,1931,7.2,0,,0,0,0,0,0,1,0,0,0,0,1,1,0,0,0,0,1,0,0,1,0,0,0,0,0,1,1,1,0,1,1,1,0,1,0,0,1
tt0021746,cimarron,1930,5.8,0,,0,0,0,0,1,1,0,0,0,0,1,0,0,0,0,0,0,0,1,1,0,0,1,0,0,0,0,1,1,0,0,1,1,1,0,0,0
tt0021826,eastlynne,1930,5.7,1,,0,0,0,0,0,1,0,0,0,0,1,0,0,0,0,1,0,0,0,1,1,0,1,0,0,0,0,1,1,1,0,1,0,0,0,0,0
tt0021873,fivestarfinal,1931,7.3,0,310000.0,0,0,0,0,0,1,0,0,0,1,1,0,0,0,0,0,0,0,0,1,0,0,1,0,0,1,0,1,0,0,0,1,0,0,0,0,0
tt0021890,thefrontpage,1930,6.7,1,,0,0,0,0,0,1,0,0,0,1,1,0,0,0,0,0,0,0,0,1,0,1,1,0,0,1,0,1,0,1,0,1,0,0,0,0,1
tt0022074,thesmilinglieutenant,1931,7.1,0,,0,0,0,0,0,1,0,0,0,1,0,0,0,1,0,1,0,0,0,1,1,1,1,0,0,1,1,1,1,1,0,0,1,0,1,0,1
tt0022397,skippy,1930,6.3,1,,0,0,0,0,0,1,0,0,0,1,1,1,0,0,0,0,0,0,0,1,0,1,1,0,0,1,1,1,0,1,0,1,0,0,0,0,1
tt0022495,traderhorn,1930,6.1,0,,0,0,0,0,0,1,0,1,0,0,1,0,0,0,0,0,0,0,0,1,1,1,1,0,0,1,0,1,1,1,0,1,0,1,1,1,0
tt0022879,afarewelltoarms,1932,6.4,1,,1,0,0,0,0,1,0,0,0,0,1,0,0,0,0,1,0,0,1,1,1,0,1,0,0,0,0,1,1,1,0,1,0,0,0,0,0
tt0022958,grandhotel,1931,7.3,0,,1,0,0,0,1,1,0,0,0,0,1,0,0,0,0,1,0,0,0,1,1,0,1,0,0,0,0,1,1,1,0,1,0,0,0,0,0
tt0023042,iamafugitivefromachaingang,1932,8.2,0,,0,0,0,0,0,1,1,0,0,1,1,1,0,0,1,0,0,0,0,1,0,0,1,0,0,1,1,1,0,1,0,1,0,0,0,0,0
tt0023303,onehourwithyou,1931,7.0,0,,0,0,0,0,0,1,0,0,0,1,0,0,0,1,0,1,0,0,0,1,1,1,1,0,0,1,1,1,1,1,0,0,1,0,1,0,1
tt0023458,shanghaiexpress,1931,7.3,0,,0,0,0,0,0,1,1,1,0,0,1,1,0,0,1,0,0,0,0,1,0,1,1,0,0,1,1,1,1,1,0,1,0,1,1,1,0
tt0023488,smilinthrough,1932,6.9,0,,2,0,0,0,0,1,0,0,0,0,1,0,0,0,0,1,0,0,0,1,1,0,1,0,0,0,0,1,1,1,0,1,0,0,0,0,0
tt0023876,cavalcade,1932,5.8,1,1180280.0,0,0,0,0,1,1,0,0,0,0,1,0,0,0,0,1,0,0,1,1,1,0,1,0,0,0,0,1,1,1,0,1,0,0,0,0,0
tt0024034,42ndstreet,1932,7.3,0,,1,0,0,0,0,1,0,0,0,1,1,0,0,1,0,0,0,0,0,1,1,1,1,0,0,1,1,1,0,1,0,1,1,0,1,0,1
tt0024240,ladyforaday,1932,7.4,0,,0,0,0,0,0,1,0,0,0,1,1,0,0,0,0,0,0,0,0,1,0,1,1,0,0,0,0,1,0,1,0,1,0,0,0,0,1
tt0024264,littlewomen,1932,7.2,0,,0,0,0,0,0,1,0,0,0,0,1,1,0,0,0,1,0,0,0,1,1,0,1,0,0,1,1,1,1,1,0,1,0,0,0,0,1
tt0024473,theprivatelifeofhenryviii,1932,7.0,0,93710.0,0,0,0,0,0,1,0,0,1,0,1,0,1,0,0,0,0,0,0,1,0,0,0,1,1,1,0,1,0,1,1,1,1,1,0,0,1
tt0024548,shedonehimwrong,1932,6.3,0,,0,0,0,0,0,1,0,0,0,1,1,0,1,0,0,0,0,0,0,1,0,1,1,0,0,1,0,1,0,1,0,1,1,1,0,0,1
tt0024610,statefair,1932,6.7,0,,3,0,0,0,0,1,0,0,0,1,1,0,0,0,0,1,0,0,0,1,1,1,1,0,0,0,0,1,1,1,0,1,0,0,0,0,1
tt0024865,thebarrettsofwimpolestreet,1934,6.9,0,,3,0,0,0,0,1,0,0,1,0,1,0,0,0,0,1,0,0,0,1,1,0,1,1,1,1,0,1,1,1,1,1,0,0,0,0,1
tt0024991,cleopatra,1934,6.8,0,,0,0,0,0,0,1,0,0,1,0,1,0,1,0,0,0,0,0,0,1,0,0,0,1,1,1,0,1,0,1,1,1,1,1,0,0,1
tt0025124,flirtationwalk,1934,5.6,1,,0,0,0,0,0,0,0,0,0,0,0,0,0,1,0,0,0,0,0,1,1,0,0,0,0,1,1,0,0,0,0,0,1,0,1,0,0
tt0025164,thegaydivorcee,1934,7.4,0,,0,0,0,0,0,1,0,0,0,1,0,0,0,1,0,1,0,0,0,1,1,1,1,0,0,1,1,1,1,1,0,0,1,0,1,0,1
tt0025238,herecomesthenavy,1934,6.2,0,,0,0,0,0,0,1,0,0,0,1,1,0,0,0,0,1,0,0,0,1,1,1,1,0,0,0,0,1,1,1,0,1,0,0,0,0,1
tt0025272,thehouseofrothschild,1934,6.5,0,,1,0,0,0,0,1,0,0,1,0,1,0,1,0,0,0,0,0,0,1,0,0,0,1,1,1,0,1,0,1,1,1,1,1,0,0,1
tt0025301,imitationoflife,1934,7.5,0,,0,0,0,0,0,1,0,0,0,1,1,0,0,0,0,1,0,0,0,1,1,1,1,0,0,0,0,1,1,1,0,1,0,0,0,0,1
tt0025316,ithappenedonenight,1934,8.1,1,325000.0,0,0,0,0,1,1,0,0,0,1,0,0,0,0,0,1,0,0,0,1,1,1,1,0,0,0,0,1,1,1,0,0,0,0,0,0,1
tt0025601,onenightoflove,1934,5.6,0,,0,0,0,0,0,1,0,0,0,1,0,0,0,1,0,1,0,0,0,1,1,1,1,0,0,1,0,1,1,1,0,0,1,0,1,0,1
tt0025878,thethinman,1934,7.9,0,,0,0,0,0,0,1,0,0,0,1,0,0,0,1,0,0,0,0,0,0,0,1,1,0,0,1,0,1,0,1,0,1,1,1,0,0,1
tt0025948,vivavilla,1934,6.3,0,,1,0,0,0,0,1,0,0,1,0,0,0,0,0,0,0,0,0,1,1,0,0,1,1,1,1,0,0,1,1,1,1,1,1,0,0,1
tt0025986,thewhiteparade,1934,6.5,0,,0,0,0,0,0,0,0,0,0,0,1,0,0,0,0,0,0,0,0,1,0,0,0,0,0,0,0,1,0,0,0,1,0,0,0,0,0
tt0026056,aliceadams,1935,6.9,0,,1,0,0,0,0,1,0,0,0,1,1,0,0,0,0,1,0,0,0,1,1,1,1,0,0,0,0,1,1,1,0,1,0,0,0,0,1
tt0026144,broadwaymelodyof1936,1935,6.7,0,,0,0,0,0,0,1,0,0,0,1,0,0,0,1,0,1,0,0,0,1,1,1,1,0,0,1,1,1,1,1,0,0,1,0,1,0,1
tt0026174,captainblood,1935,7.7,0,1242000.0,0,0,0,0,0,1,0,1,0,0,0,0,1,0,0,0,0,0,0,0,1,1,1,0,0,1,0,0,1,1,0,1,1,1,1,1,1
tt0026266,davidcopperfield,1935,7.3,0,,0,0,0,0,0,1,0,1,0,0,1,1,0,0,0,0,0,0,0,1,0,1,1,0,0,1,1,1,1,0,0,1,0,1,1,1,1
tt0026529,theinformer,1935,7.4,1,,0,0,0,0,0,1,0,0,0,1,1,0,0,0,0,0,0,0,0,1,0,0,1,0,0,1,0,1,0,0,0,1,0,0,0,0,0
tt0026643,thelivesofabengallancer,1935,7.0,0,,0,0,0,0,0,1,0,1,0,0,1,0,0,0,0,0,0,0,1,1,0,1,1,0,0,0,0,1,1,0,0,1,0,1,1,1,0
tt0026714,amidsummernightsdream,1935,6.8,0,,0,0,0,0,0,1,0,0,0,1,0,1,0,0,0,1,0,0,0,1,1,1,1,0,0,0,0,1,1,1,0,0,1,1,0,0,1
tt0026725,lesmiserables,1935,7.6,0,,2,0,0,0,0,1,0,0,0,0,1,0,1,0,0,1,0,0,0,1,1,0,1,0,0,1,0,1,1,1,0,1,1,1,0,0,1
tt0026752,mutinyonthebounty,1935,7.6,1,1950000.0,2,0,0,0,1,1,0,1,1,0,1,0,0,0,0,0,0,0,0,1,0,1,1,1,1,1,0,1,1,1,1,1,0,1,1,1,1
tt0026768,naughtymarietta,1935,6.5,0,,0,0,0,0,0,1,0,0,0,0,1,0,0,1,0,1,0,0,0,1,1,0,1,0,0,1,1,1,1,1,0,1,1,0,1,0,0
tt0026955,rugglesofredgap,1935,7.6,0,,1,0,0,0,0,1,0,0,0,1,0,0,0,1,0,1,0,0,0,1,1,1,1,0,0,0,0,1,1,1,0,1,1,1,0,0,1
tt0027075,ataleoftwocities,1936,7.8,0,,0,0,0,0,0,1,0,0,0,0,1,0,1,0,0,1,0,0,0,1,1,0,1,0,0,1,0,1,1,1,0,1,1,1,0,0,1
tt0027125,tophat,1935,7.7,0,609000.0,0,0,0,0,0,1,0,0,0,1,0,0,0,1,0,1,0,0,0,1,1,1,1,0,0,1,1,1,1,1,0,0,1,0,1,0,1
tt0027300,anthonyadverse,1936,6.3,0,,1,0,0,0,0,1,0,1,0,0,1,0,0,0,0,1,0,0,0,1,1,1,1,0,0,0,0,1,1,1,0,1,0,1,1,1,0
tt0027532,dodsworth,1936,7.7,0,,0,0,0,0,0,1,0,0,0,0,1,0,0,0,0,1,0,0,0,1,1,0,1,0,0,0,0,1,1,1,0,1,0,0,0,0,0
tt0027698,thegreatziegfeld,1936,6.6,0,,0,0,0,0,1,1,0,0,0,0,1,0,0,1,0,0,0,0,0,1,1,0,0,0,0,1,1,1,0,0,0,1,1,0,1,0,0
tt0027884,libeledlady,1936,7.8,0,,0,0,0,0,0,1,0,0,0,1,0,0,0,0,0,1,0,0,0,1,1,1,1,0,0,0,0,1,1,1,0,0,0,0,0,0,1
tt0027996,mrdeedsgoestotown,1936,7.8,1,,0,0,0,0,0,1,0,0,0,1,1,0,0,0,0,1,0,0,0,1,1,1,1,0,0,0,0,1,1,1,0,1,0,0,0,0,1
tt0028203,romeoandjuliet,1936,6.4,0,,1,0,0,0,0,1,0,0,0,0,1,0,0,0,0,1,0,0,0,1,1,0,1,0,0,0,0,1,1,1,0,1,0,0,0,0,0
tt0028216,sanfrancisco,1936,7.1,0,,1,0,0,0,0,1,0,0,0,0,1,0,0,1,0,1,0,0,0,1,1,0,1,0,0,1,0,1,1,1,0,1,1,0,1,0,0
tt0028313,thestoryoflouispasteur,1936,7.3,0,,0,0,0,0,0,1,0,0,1,0,1,0,1,0,0,0,0,0,0,1,0,0,0,1,1,1,0,1,0,1,1,1,1,1,0,0,1
tt0028373,threesmartgirls,1936,6.6,0,,0,0,0,0,0,1,0,0,0,1,0,0,0,1,0,1,0,0,0,1,1,1,1,0,0,1,1,1,1,1,0,0,1,0,1,0,1
tt0028597,theawfultruth,1937,7.7,1,600000.0,0,0,0,0,0,1,0,0,0,1,0,0,0,0,0,1,0,0,0,1,1,1,1,0,0,0,0,1,1,1,0,0,0,0,0,0,1
tt0028691,captainscourageous,1937,7.9,0,,1,0,0,0,0,1,0,1,0,0,1,1,0,0,0,0,0,0,0,1,0,1,1,0,0,1,1,1,1,0,0,1,0,1,1,1,1
tt0028773,deadend,1937,7.2,0,,0,0,0,0,0,1,1,0,0,1,1,1,0,0,1,0,0,0,0,1,0,0,1,0,0,1,1,1,0,1,0,1,0,0,0,0,0
tt0028944,thegoodearth,1937,7.5,0,,2,0,0,0,0,1,0,0,0,0,1,0,0,0,0,1,0,0,0,1,1,0,1,0,0,0,0,1,1,1,0,1,0,0,0,0,0
tt0028950,thegrandillusion,1937,8.1,0,,0,0,0,0,0,1,0,0,0,0,1,0,0,0,0,0,0,0,1,1,0,0,0,0,0,0,0,1,0,0,0,1,0,0,0,0,0
tt0029047,inoldchicago,1937,6.7,0,1800000.0,0,0,0,0,0,1,0,1,0,0,1,0,0,1,0,0,0,0,0,1,1,0,0,0,0,1,1,1,1,1,0,1,1,1,1,0,0
tt0029146,thelifeofemilezola,1937,7.1,0,,2,0,0,0,1,1,0,0,1,0,1,0,0,0,0,0,0,0,0,1,0,0,0,1,1,1,0,1,0,1,1,1,0,0,0,0,1
tt0029162,losthorizon,1937,7.6,1,,0,0,0,0,0,1,0,1,0,0,1,1,0,0,0,0,0,0,0,1,0,1,1,0,0,0,0,1,1,0,0,1,1,1,1,1,1
tt0029347,onehundredmenandagirl,1937,6.7,0,,0,0,0,0,0,1,0,0,0,1,1,0,0,1,0,0,0,0,0,1,1,1,1,0,0,1,0,1,0,1,0,1,1,0,1,0,1
tt0029604,stagedoor,1937,7.7,0,,1,0,0,0,0,1,0,0,0,1,1,0,0,0,0,1,0,0,0,1,1,1,1,0,0,0,0,1,1,1,0,1,0,0,0,0,1
tt0029606,astarisborn,1937,7.3,0,,4,0,0,0,0,1,0,0,0,0,1,0,0,0,0,1,0,0,0,1,1,0,1,0,0,0,0,1,1,1,0,1,0,0,0,0,0
tt0029843,theadventuresofrobinhood,1938,7.9,0,2033000.0,0,0,0,0,0,1,0,1,0,0,0,0,0,0,0,1,0,0,0,1,1,1,1,0,0,1,0,1,1,1,0,1,0,1,1,1,0
tt0029852,alexandersragtimeband,1938,6.8,0,,0,0,0,0,0,1,0,0,0,0,1,0,0,1,0,0,0,0,0,1,1,0,0,0,0,1,1,1,0,0,0,1,1,0,1,0,0
tt0029942,boystown,1938,7.2,1,,1,0,0,0,0,1,0,0,1,0,1,1,0,0,0,0,0,0,0,1,0,0,0,1,1,1,1,1,0,1,1,1,0,0,0,0,1
tt0029995,thecitadel,1938,7.0,0,,0,0,0,0,0,0,0,0,0,0,1,0,0,0,0,0,0,0,0,1,0,0,0,0,0,0,0,1,0,0,0,1,0,0,0,0,0
tt0030149,fourdaughters,1938,6.9,0,,0,0,0,0,0,1,0,0,0,0,1,0,0,1,0,1,0,0,0,1,1,0,1,0,0,1,0,1,1,1,0,1,1,0,1,0,0
tt0030287,jezebel,1938,7.4,0,1250000.0,1,0,0,0,0,1,0,0,0,0,1,0,0,0,0,1,0,0,0,1,1,0,1,0,0,0,0,1,1,1,0,1,0,0,0,0,0
tt0030637,pygmalion,1938,7.7,0,,0,0,0,0,0,1,0,0,0,1,1,0,0,0,0,1,0,0,0,1,1,1,1,0,0,0,0,1,1,1,0,1,0,0,0,0,1
tt0030848,testpilot,1938,6.8,0,,3,0,0,0,0,1,0,0,0,0,1,0,0,0,0,1,0,0,0,1,1,0,1,0,0,0,0,1,1,1,0,1,0,0,0,0,0
tt0030993,youcanttakeitwithyou,1938,7.8,1,1644736.0,1,0,0,0,1,1,0,0,0,1,1,0,0,0,0,1,0,0,0,1,1,1,1,0,0,0,0,1,1,1,0,1,0,0,0,0,1
tt0031210,darkvictory,1939,7.4,0,,2,0,0,0,0,1,0,0,0,0,1,0,0,0,0,1,0,0,0,1,1,0,1,0,0,0,0,1,1,1,0,1,0,0,0,0,0
tt0031381,gonewiththewind,1939,8.2,1,,1,0,0,0,1,1,0,0,0,0,1,0,0,0,0,1,0,0,1,1,1,0,1,0,0,0,0,1,1,1,0,1,0,0,0,0,0
tt0031385,goodbyemrchips,1939,7.9,0,,0,0,0,0,0,1,0,0,0,0,1,0,0,0,0,1,0,0,0,1,1,0,1,0,0,0,0,1,1,1,0,1,0,0,0,0,0
tt0031593,loveaffair,1939,7.3,1,,0,0,0,0,0,1,0,0,0,1,1,0,0,0,0,1,0,0,0,1,1,1,1,0,0,0,0,1,1,1,0,1,0,0,0,0,1
tt0031679,mrsmithgoestowashington,1939,8.1,1,1500000.0,0,0,0,0,0,1,0,0,0,1,1,0,0,0,0,0,0,0,0,1,0,1,1,0,0,0,0,1,0,1,0,1,0,0,0,0,1
tt0031725,ninotchka,1939,7.8,0,,0,0,0,0,0,1,0,0,0,1,0,0,0,0,0,1,0,0,0,1,1,1,1,0,0,0,0,1,1,1,0,0,0,0,0,0,1
tt0031742,ofmiceandmen,1939,7.8,1,,0,0,0,0,0,1,0,1,0,0,1,0,0,0,0,0,0,0,0,1,0,1,1,0,0,0,0,1,1,0,0,1,0,1,1,1,0
tt0031971,stagecoach,1939,7.8,1,531300.0,0,0,0,0,0,1,0,1,0,0,1,0,0,0,0,0,0,0,1,1,0,1,1,0,0,0,0,1,1,0,0,1,1,1,1,1,0
tt0032138,thewizardofoz,1939,8.1,0,2777000.0,0,0,0,0,0,1,0,1,0,0,0,1,0,0,0,0,0,0,0,1,0,1,1,0,0,1,1,1,1,0,0,1,1,1,1,1,1
tt0032145,wutheringheights,1939,7.5,0,,0,0,0,0,0,1,0,0,0,0,1,0,0,0,0,1,0,0,0,1,1,0,1,0,0,0,0,1,1,1,0,1,0,0,0,0,0
tt0032194,allthisandheaventoo,1940,7.4,0,,2,0,0,0,0,1,0,0,0,0,1,0,0,0,0,1,0,0,0,1,1,0,1,0,0,0,0,1,1,1,0,1,0,0,0,0,0
tt0032484,foreigncorrespondent,1940,7.4,0,1484167.0,0,0,0,0,0,1,0,1,0,0,1,0,0,0,0,1,0,0,0,1,1,0,1,0,0,1,0,1,1,1,0,1,0,1,0,0,0
tt0032551,thegrapesofwrath,1940,8.1,1,800000.0,0,0,0,0,0,0,0,0,0,0,1,0,0,0,0,0,0,0,0,1,0,0,0,0,0,0,0,1,0,0,0,1,0,0,0,0,0
tt0032553,thegreatdictator,1940,8.4,0,2000000.0,0,0,0,0,0,1,0,0,0,1,1,0,0,0,0,0,0,0,1,1,0,1,1,0,0,0,0,1,0,1,0,1,0,0,0,0,1
tt0032671,kittyfoyle,1940,6.9,0,,0,0,0,0,0,1,0,0,0,0,1,0,0,0,0,1,0,0,0,1,1,0,1,0,0,0,0,1,1,1,0,1,0,0,0,0,0
tt0032701,theletter,1940,7.5,0,,3,0,0,0,0,1,1,0,0,1,1,1,0,0,1,0,0,0,0,1,0,0,1,0,0,1,1,1,0,1,0,1,0,0,0,0,0
tt0032728,thelongvoyagehome,1940,6.9,1,682495.0,1,0,0,0,0,1,0,0,0,0,1,0,0,0,0,0,0,0,1,1,0,0,0,0,0,0,0,1,0,0,0,1,0,0,0,0,0
tt0032881,ourtown,1940,6.5,0,,2,0,0,0,0,1,0,0,0,0,1,1,0,0,0,1,0,0,0,1,1,0,1,0,0,1,1,1,1,1,0,1,0,0,0,0,1
tt0032904,thephiladelphiastory,1940,7.8,0,,1,0,0,0,0,1,0,0,0,1,0,0,0,0,0,1,0,0,0,1,1,1,1,0,0,0,0,1,1,1,0,0,0,0,0,0,1
tt0032976,rebecca,1940,8.1,0,,0,0,0,0,1,1,0,0,0,0,1,0,0,1,0,1,0,0,0,1,1,0,1,0,0,0,0,1,1,1,0,1,1,1,0,0,1
tt0033407,blossomsinthedust,1941,6.9,0,,0,0,0,0,0,1,0,0,1,0,1,0,0,0,0,1,0,0,0,1,1,0,1,1,1,1,0,1,1,1,1,1,0,0,0,0,1
tt0033467,citizenkane,1941,8.3,0,839727.0,0,0,0,0,0,1,0,0,0,0,1,0,0,1,0,0,0,0,0,1,0,0,1,0,0,0,0,1,0,0,0,1,1,1,0,0,1
tt0033712,herecomesmrjordan,1941,7.5,0,,0,0,0,0,0,1,0,0,0,1,0,1,0,0,0,1,0,0,0,1,1,1,1,0,0,0,0,1,1,1,0,0,1,1,0,0,1
tt0033722,holdbackthedawn,1941,7.3,0,,0,0,0,0,0,1,0,0,0,0,1,0,0,0,0,1,0,0,0,1,1,0,1,0,0,0,0,1,1,1,0,1,0,0,0,0,0
tt0033729,howgreenwasmyvalley,1941,7.7,1,800000.0,0,0,0,0,1,1,0,0,0,0,1,1,0,0,0,0,0,0,0,1,0,0,0,0,0,1,1,1,0,0,0,1,0,0,0,0,1
tt0033836,thelittlefoxes,1941,7.9,0,,2,0,0,0,0,1,0,0,0,0,1,0,0,0,0,1,0,0,0,1,1,0,1,0,0,0,0,1,1,1,0,1,0,0,0,0,0
tt0033870,themaltesefalcon,1941,7.9,0,300000.0,0,0,0,0,0,1,1,0,0,1,1,1,0,0,1,0,0,0,0,1,0,0,1,0,0,1,1,1,0,1,0,1,0,0,0,0,0
tt0033980,onefootinheaven,1941,6.6,0,,1,0,0,0,0,1,0,0,1,0,1,0,0,0,0,1,0,0,0,1,1,0,1,1,1,1,0,1,1,1,1,1,0,0,0,0,1
tt0034167,sergeantyork,1941,7.7,0,,3,0,0,0,0,1,0,0,1,0,1,0,1,0,0,0,0,0,0,1,0,0,0,1,1,1,0,1,0,1,1,1,1,1,0,0,1
tt0034248,suspicion,1941,7.3,0,1800000.0,0,0,0,0,0,1,1,0,0,0,1,1,0,1,1,0,0,0,0,1,0,0,1,0,0,1,1,1,0,1,0,1,1,1,0,0,1
tt0034583,casablanca,1943,8.5,1,950000.0,0,0,0,0,1,1,0,0,0,0,1,0,0,0,0,1,0,0,1,1,1,0,1,0,0,0,0,1,1,1,0,1,0,0,0,0,0
tt0034891,inwhichweserve,1943,7.2,0,240000.0,0,0,0,0,0,1,0,0,0,0,1,0,0,0,0,0,0,0,1,1,0,0,0,0,0,0,0,1,0,0,0,1,0,0,0,0,0
tt0034946,kingsrow,1942,7.5,0,,0,0,0,0,0,0,0,0,0,0,1,0,0,0,0,0,0,0,0,1,0,0,0,0,0,0,0,1,0,0,0,1,0,0,0,0,0
tt0035015,themagnificentambersons,1942,7.6,0,,0,0,0,0,0,1,0,0,0,0,1,0,0,0,0,1,0,0,0,1,1,0,1,0,0,0,0,1,1,1,0,1,0,0,0,0,0
tt0035093,mrsminiver,1942,7.6,1,,0,0,0,0,1,1,0,0,0,0,1,0,0,0,0,1,0,0,1,1,1,0,1,0,0,0,0,1,1,1,0,1,0,0,0,0,0
tt0035189,thepiedpiper,1942,7.0,0,,0,0,0,0,0,1,0,0,0,0,1,0,0,0,0,0,0,0,1,1,0,0,0,0,0,0,0,1,0,0,0,1,0,0,0,0,0
tt0035211,theprideoftheyankees,1942,7.6,0,,4,0,0,0,0,1,0,0,1,0,1,0,0,0,0,1,0,0,0,1,1,0,1,1,1,1,0,1,1,1,1,1,0,0,0,0,1
tt0035238,randomharvest,1942,7.9,0,,0,0,0,0,0,1,0,0,0,0,1,0,0,0,0,1,0,0,0,1,1,0,1,0,0,0,0,1,1,1,0,1,0,0,0,0,0
tt0035417,thetalkofthetown,1942,7.5,0,,0,0,0,0,0,1,0,0,0,1,1,0,0,0,0,1,0,0,0,1,1,1,1,0,0,0,0,1,1,1,0,1,0,0,0,0,1
tt0035429,theinvaders,1942,7.5,0,,0,0,0,0,0,1,0,0,0,0,0,0,0,0,0,0,0,1,1,1,0,0,1,0,1,1,1,0,0,0,0,1,0,0,0,0,0
tt0035530,wakeisland,1942,6.6,0,,0,0,0,0,0,1,0,1,0,0,1,0,0,0,0,0,0,0,1,1,1,0,0,0,0,1,0,1,1,1,0,1,0,1,0,0,0
tt0035575,yankeedoodledandy,1942,7.6,0,,0,0,0,0,0,1,0,0,1,0,1,1,0,0,0,0,0,0,0,1,0,0,0,1,1,1,1,1,0,1,1,1,0,0,0,0,1
tt0035896,forwhomthebelltolls,1943,6.8,0,,1,0,0,0,0,1,0,1,0,0,1,0,1,0,0,0,0,0,0,1,0,1,1,0,0,1,0,1,1,1,0,1,1,1,1,1,1
tt0035979,heavencanwait,1943,7.3,0,,0,0,0,0,0,1,0,0,0,1,1,1,0,0,0,0,0,0,0,1,0,1,1,0,0,0,0,1,1,1,0,1,1,1,0,0,1
tt0036022,thehumancomedy,1943,7.0,0,,1,0,0,0,0,1,0,0,0,1,1,1,0,0,0,0,0,0,0,1,0,1,1,0,0,1,1,1,0,1,0,1,0,0,0,0,1
tt0036126,madamecurie,1943,7.2,0,,1,0,0,0,0,1,0,0,1,0,1,0,0,0,0,1,0,0,0,1,1,0,1,1,1,1,0,1,1,1,1,1,0,0,0,0,1
tt0036172,themorethemerrier,1943,7.6,0,,0,0,0,0,0,0,0,0,0,1,0,0,0,0,0,0,0,0,0,0,0,1,1,0,0,0,0,1,0,1,0,0,0,0,0,0,1
tt0036244,theoxbowincident,1943,8.0,0,565000.0,1,0,0,0,0,1,0,0,0,0,1,0,0,0,0,0,0,0,1,1,0,0,1,0,0,0,0,1,1,0,0,1,1,1,0,0,0
tt0036377,thesongofbernadette,1943,7.6,0,,0,0,1,0,0,1,0,0,1,0,1,0,0,1,0,0,0,0,0,1,0,0,1,1,1,1,0,1,0,1,1,1,1,1,0,0,1
tt0036515,watchontherhine,1943,7.1,0,,2,0,0,0,0,1,0,0,0,0,1,0,0,0,0,0,0,1,0,1,0,0,1,0,1,1,1,1,0,0,0,1,0,0,0,0,0
tt0036775,doubleindemnity,1944,8.3,0,927000.0,0,0,0,0,0,1,1,0,0,1,1,1,0,0,1,0,0,0,0,1,0,0,1,0,0,1,1,1,0,1,0,1,0,0,0,0,0
tt0036855,gaslight,1944,7.8,0,2000000.0,0,0,0,0,0,1,0,0,0,1,1,0,0,1,0,0,0,0,0,1,0,0,1,0,0,1,0,1,0,0,0,1,1,1,0,0,1
tt0036868,thebestyearsofourlives,1946,8.1,1,,2,1,1,0,1,1,0,0,0,0,1,0,0,0,0,1,0,0,1,1,1,0,1,0,0,0,0,1,1,1,0,1,0,0,0,0,0
tt0036872,goingmyway,1944,7.0,1,,0,0,1,0,1,1,0,0,0,1,1,0,0,1,0,0,0,0,0,1,1,1,1,0,0,1,0,1,0,1,0,1,1,0,1,0,1
tt0036910,henryv,1946,7.0,0,475000.0,0,0,0,0,0,1,0,0,1,0,1,0,1,0,0,0,0,0,0,1,0,0,0,1,1,1,0,1,0,1,1,1,1,1,0,0,1
tt0037280,sinceyouwentaway,1944,7.5,0,,4,0,0,0,0,1,0,0,0,0,1,0,0,0,0,1,0,0,1,1,1,0,1,0,0,0,0,1,1,1,0,1,0,0,0,0,0
tt0037465,wilson,1944,6.3,0,,2,0,0,0,0,1,0,0,1,0,1,0,1,0,0,0,0,0,0,1,0,0,0,1,1,1,0,1,0,1,1,1,1,1,0,0,1
tt0037514,anchorsaweigh,1945,7.0,0,,0,0,0,0,0,1,0,0,0,1,0,1,0,1,0,0,0,0,0,1,1,1,1,0,0,1,1,1,1,1,0,0,1,1,1,0,1
tt0037536,thebellsofstmarys,1945,7.2,1,1300000.0,2,0,0,0,0,0,0,0,0,0,1,0,0,0,0,0,0,0,0,1,0,0,0,0,0,0,0,1,0,0,0,1,0,0,0,0,0
tt0037884,thelostweekend,1945,7.9,1,1250000.0,0,0,1,0,1,1,1,0,0,0,1,1,0,0,1,0,0,0,0,1,0,0,0,0,0,1,1,1,0,1,0,1,0,0,0,0,0
tt0037913,mildredpierce,1945,7.9,1,1400000.0,0,0,0,0,0,1,1,0,0,1,1,1,0,0,1,0,0,0,0,1,0,0,1,0,0,1,1,1,0,1,0,1,0,0,0,0,0
tt0038109,spellbound,1945,7.5,0,1500000.0,1,0,0,0,0,1,1,0,0,0,1,1,0,1,1,0,0,0,0,1,0,0,1,0,0,1,1,1,0,1,0,1,1,1,0,0,1
tt0038574,greatexpectations,1947,7.8,0,,0,0,0,0,0,1,0,1,0,0,1,0,0,1,0,0,0,0,0,1,0,1,1,0,0,0,0,1,1,0,0,1,1,1,1,1,1
tt0038650,itsawonderfullife,1946,8.6,1,3180000.0,3,0,0,0,0,1,0,0,0,0,1,1,0,0,0,0,0,0,0,1,0,0,0,0,0,1,1,1,1,0,0,1,1,1,0,0,1
tt0038873,therazorsedge,1946,7.3,0,,0,0,0,0,0,1,0,0,0,0,1,0,0,0,0,1,0,0,0,1,1,0,1,0,0,0,0,1,1,1,0,1,0,0,0,0,0
tt0039111,theyearling,1946,7.1,0,,0,0,0,0,0,1,0,0,0,0,1,1,0,0,0,0,0,0,1,1,0,0,1,0,0,1,1,1,1,0,0,1,1,1,0,0,1
tt0039190,thebishopswife,1947,7.6,0,,0,0,0,0,0,1,0,0,0,1,1,1,0,0,0,0,0,0,0,1,0,1,1,0,0,0,0,1,1,1,0,1,1,1,0,0,1
tt0039286,crossfire,1947,7.3,0,,0,0,0,0,0,1,1,0,0,1,1,1,0,0,1,0,0,0,0,1,0,0,1,0,0,1,1,1,0,1,0,1,0,0,0,0,0
tt0039416,gentlemansagreement,1947,7.2,1,,1,0,1,0,1,1,0,0,0,0,1,0,0,0,0,1,0,0,0,1,1,0,1,0,0,0,0,1,1,1,0,1,0,0,0,0,0
tt0039628,miracleon34thstreet,1947,7.9,0,630000.0,0,0,0,0,0,1,0,0,0,1,1,1,0,0,0,0,0,0,0,1,0,1,1,0,0,1,1,1,0,1,0,1,0,0,0,0,1
tt0040416,hamlet,1948,7.5,0,,0,1,0,0,1,0,0,0,0,0,1,0,0,0,0,0,0,0,0,1,0,0,0,0,0,0,0,1,0,0,0,1,0,0,0,0,0
tt0040495,johnnybelinda,1948,7.7,0,,0,0,1,0,0,0,0,0,0,0,1,0,0,0,0,0,0,0,0,1,0,0,0,0,0,0,0,1,0,0,0,1,0,0,0,0,0
tt0040725,theredshoes,1948,8.1,0,,0,0,0,0,0,1,0,0,0,0,1,0,0,1,0,1,0,0,0,1,1,0,1,0,0,1,0,1,1,1,0,1,1,0,1,0,0
tt0040806,thesnakepit,1948,7.6,0,,2,0,0,0,0,1,0,0,0,0,1,0,0,1,0,0,0,0,0,1,0,0,1,0,0,0,0,1,0,0,0,1,1,1,0,0,1
tt0040897,thetreasureofthesierramadre,1948,8.2,1,2500000.0,0,0,0,0,0,1,0,1,0,0,1,0,0,0,0,0,0,0,1,1,0,1,1,0,0,0,0,1,1,0,0,1,1,1,1,1,0
tt0041113,allthekingsmen,1949,7.4,0,,0,0,1,0,1,1,1,0,0,0,1,1,0,0,1,0,0,0,0,1,0,0,0,0,0,1,1,1,0,1,0,1,0,0,0,0,0
tt0041163,battleground,1949,7.4,0,,0,0,0,0,0,1,0,1,0,0,1,0,1,0,0,0,0,0,0,1,1,0,0,0,0,1,0,1,1,1,0,1,1,1,0,0,1
tt0041452,theheiress,1949,8.1,1,,1,0,0,0,0,1,0,0,0,0,1,0,0,0,0,1,0,0,0,1,1,0,1,0,0,0,0,1,1,1,0,1,0,0,0,0,0
tt0041587,alettertothreewives,1949,7.7,1,,0,0,0,0,0,1,0,0,0,1,1,0,0,0,0,1,0,0,0,1,1,1,1,0,0,0,0,1,1,1,0,1,0,0,0,0,1
tt0041996,twelveoclockhigh,1949,7.7,0,,0,0,0,0,0,1,0,0,0,0,1,0,0,0,0,0,0,0,1,1,0,0,0,0,0,0,0,1,0,0,0,1,0,0,0,0,0
tt0042192,allabouteve,1950,8.2,1,1400000.0,4,1,0,0,1,0,0,0,0,0,1,0,0,0,0,0,0,0,0,1,0,0,0,0,0,0,0,1,0,0,0,1,0,0,0,0,0
tt0042276,bornyesterday,1950,7.5,0,,1,0,0,0,0,1,0,0,0,1,1,0,0,0,0,1,0,0,0,1,1,1,1,0,0,0,0,1,1,1,0,1,0,0,0,0,1
tt0042451,fatherofthebride,1950,7.1,0,,2,0,0,0,0,1,0,0,0,1,1,0,0,0,0,1,0,0,0,1,1,1,1,0,0,0,0,1,1,1,0,1,0,0,0,0,1
tt0042646,kingsolomonsmines,1950,6.7,0,2258000.0,0,0,0,0,0,1,0,1,0,0,0,0,0,0,0,1,0,0,0,1,1,1,1,0,0,1,0,1,1,1,0,1,0,1,1,1,0
tt0043014,sunsetblvd,1950,8.4,1,1750000.0,0,0,0,0,0,1,1,0,0,0,1,1,0,0,1,0,0,0,0,1,0,0,0,0,0,1,1,1,0,1,0,1,0,0,0,0,0
tt0043278,anamericaninparis,1951,7.1,0,,0,0,0,1,1,1,0,0,0,0,1,0,0,1,0,1,0,0,0,1,1,0,1,0,0,1,1,1,1,1,0,1,1,0,1,0,0
tt0043459,decisionbeforedawn,1951,7.2,0,,0,0,0,0,0,1,0,0,0,0,1,0,0,0,0,0,0,0,1,1,0,0,0,0,0,0,0,1,0,0,0,1,0,0,0,0,0
tt0043924,aplaceinthesun,1951,7.7,1,2300000.0,1,0,1,0,0,1,0,0,0,0,1,0,0,0,0,1,0,0,0,1,1,0,1,0,0,0,0,1,1,1,0,1,0,0,0,0,0
tt0043949,quovadis,1951,7.1,0,7623000.0,0,0,0,0,0,1,0,0,0,0,1,0,0,0,0,1,0,0,0,1,1,0,1,0,0,0,0,1,1,1,0,1,0,0,0,0,0
tt0044081,astreetcarnameddesire,1951,7.9,1,1800000.0,1,0,0,0,0,0,0,0,0,0,1,0,0,0,0,0,0,0,0,1,0,0,0,0,0,0,0,1,0,0,0,1,0,0,0,0,0
tt0044672,thegreatestshowonearth,1952,6.5,0,,1,0,1,0,1,1,0,0,0,0,1,1,0,0,0,1,0,0,0,1,1,0,1,0,0,1,1,1,1,1,0,1,0,0,0,0,1
tt0044706,highnoon,1952,7.9,0,730000.0,2,0,0,0,0,1,0,0,0,0,1,0,0,0,0,0,0,1,1,1,0,0,1,0,1,1,1,1,1,0,0,1,1,1,0,0,0
tt0044760,ivanhoe,1952,6.7,0,,2,0,0,0,0,1,0,1,0,0,1,0,0,0,0,0,0,0,0,1,1,1,1,0,0,1,0,1,1,1,0,1,0,1,1,1,0
tt0044926,moulinrouge,1952,7.0,1,1500000.0,1,0,0,0,0,1,0,0,1,0,1,0,0,1,0,0,0,0,0,1,1,0,0,1,1,1,0,1,0,1,1,1,1,0,1,0,1
tt0045061,thequietman,1952,7.7,1,1750000.0,2,0,0,0,0,1,0,0,0,1,1,0,0,0,0,1,0,0,0,1,1,1,1,0,0,0,0,1,1,1,0,1,0,0,0,0,1
tt0045793,fromheretoeternity,1953,7.6,1,,0,0,0,0,1,1,0,0,0,0,1,0,0,0,0,1,0,0,1,1,1,0,1,0,0,0,0,1,1,1,0,1,0,0,0,0,0
tt0045943,juliuscaesar,1953,7.2,1,2070000.0,1,0,0,0,0,1,0,0,0,0,1,0,1,0,0,0,0,0,0,1,0,0,0,0,0,1,0,1,0,1,0,1,1,1,0,0,1
tt0046247,therobe,1953,6.7,0,5000000.0,1,0,1,0,0,1,0,0,0,0,1,0,1,0,0,1,0,0,0,1,1,0,1,0,0,1,0,1,1,1,0,1,1,1,0,0,1
tt0046250,romanholiday,1953,8.0,1,1500000.0,0,0,0,0,0,1,0,0,0,1,1,0,0,0,0,1,0,0,0,1,1,1,1,0,0,0,0,1,1,1,0,1,0,0,0,0,1
tt0046303,shane,1953,7.6,1,1500000.0,1,0,0,0,0,1,0,0,0,0,1,0,0,0,0,0,0,0,1,1,0,0,1,0,0,0,0,1,1,0,0,1,1,1,0,0,0
tt0046816,thecainemutiny,1954,7.7,0,2000000.0,2,0,0,0,0,1,0,0,0,0,1,0,0,0,0,0,0,0,1,1,0,0,0,0,0,0,0,1,0,0,0,1,0,0,0,0,0
tt0046874,thecountrygirl,1954,7.2,0,,2,0,0,0,0,1,0,0,0,0,1,0,0,1,0,0,0,0,0,1,1,0,0,0,0,1,0,1,0,0,0,1,1,0,1,0,0
tt0047296,onthewaterfront,1954,8.1,1,910000.0,1,0,1,0,1,1,0,0,0,1,1,0,0,0,0,0,0,1,0,1,0,0,1,0,1,1,1,1,0,0,0,1,0,0,0,0,0
tt0047472,sevenbridesforsevenbrothers,1954,7.3,0,,0,0,0,0,0,1,0,0,0,0,0,0,0,1,0,1,0,0,1,1,1,0,1,0,0,1,1,1,1,1,0,1,1,1,1,0,0
tt0047580,threecoinsinthefountain,1954,6.2,0,,0,0,0,0,0,1,0,0,0,0,1,0,0,0,0,1,0,0,0,1,1,0,1,0,0,0,0,1,1,1,0,1,0,0,0,0,0
tt0048316,loveisamanysplendoredthing,1955,6.4,0,,2,0,0,0,0,1,0,0,1,0,1,0,0,0,0,1,0,0,0,1,1,0,1,1,1,1,0,1,1,1,1,1,0,0,0,0,1
tt0048356,marty,1955,7.7,1,,0,0,0,0,1,1,0,0,0,0,1,0,0,0,0,1,0,0,0,1,1,0,1,0,0,0,0,1,1,1,0,1,0,0,0,0,0
tt0048380,misterroberts,1955,7.6,0,2300000.0,1,0,0,0,0,1,0,0,0,1,1,0,0,0,0,0,0,0,1,1,0,1,1,0,0,0,0,1,0,1,0,1,0,0,0,0,1
tt0048491,picnic,1955,7.0,0,,1,0,0,0,0,1,0,0,0,0,1,0,0,0,0,1,0,0,0,1,1,0,1,0,0,0,0,1,1,1,0,1,0,0,0,0,0
tt0048563,therosetattoo,1955,6.9,0,,0,0,0,0,0,1,0,0,0,1,1,0,0,0,0,1,0,0,0,1,1,1,1,0,0,0,0,1,1,1,0,1,0,0,0,0,1
tt0048960,aroundtheworldin80days,1956,6.7,0,6000000.0,0,0,1,0,1,1,0,1,0,1,0,1,0,0,0,0,0,0,0,1,0,1,1,0,0,1,1,1,1,1,0,1,0,1,1,1,1
tt0049233,friendlypersuasion,1956,7.3,1,,2,0,0,0,0,1,0,0,0,0,1,1,0,0,0,1,0,0,0,1,1,0,1,0,0,1,1,1,1,1,0,1,0,0,0,0,1
tt0049261,giant,1956,7.6,1,5400000.0,1,0,0,0,0,1,0,0,0,0,1,0,0,0,0,0,0,0,1,1,0,0,1,0,0,0,0,1,1,0,0,1,1,1,0,0,0
tt0049408,thekingandi,1956,7.4,0,,0,0,0,1,0,1,0,0,1,0,1,0,0,1,0,0,0,0,0,1,1,0,0,1,1,1,1,1,0,1,1,1,1,0,1,0,1
tt0049833,thetencommandments,1956,7.9,0,13500000.0,1,0,0,0,0,1,0,1,0,0,1,1,0,0,0,0,0,0,0,1,0,1,1,0,0,1,1,1,1,0,0,1,0,1,1,1,1
tt0050083,12angrymen,1957,9.0,0,340000.0,0,0,0,0,0,1,0,0,0,1,1,0,0,0,0,0,0,0,0,1,0,0,1,0,0,1,0,1,0,0,0,1,0,0,0,0,0
tt0050212,thebridgeontheriverkwai,1957,8.1,1,3000000.0,1,1,1,0,1,1,0,1,0,0,1,0,0,0,0,0,0,0,1,1,0,1,1,0,0,0,0,1,1,0,0,1,0,1,1,1,0
tt0050839,peytonplace,1957,7.2,0,,0,0,0,0,0,1,0,0,0,1,1,0,0,1,0,0,0,0,0,1,0,0,1,0,0,1,0,1,0,0,0,1,1,1,0,0,1
tt0050933,sayonara,1957,7.0,0,,1,0,0,0,0,1,0,0,0,0,1,0,0,0,0,1,0,0,0,1,1,0,1,0,0,0,0,1,1,1,0,1,0,0,0,0,0
tt0051201,witnessfortheprosecution,1957,8.4,1,2000000.0,1,0,0,0,0,1,0,0,0,1,1,0,0,1,0,0,0,0,0,1,0,0,1,0,0,1,0,1,0,0,0,1,1,1,0,0,1
tt0051383,auntiemame,1958,7.9,0,,0,0,0,0,0,1,0,0,0,1,1,0,0,0,0,1,0,0,0,1,1,1,1,0,0,0,0,1,1,1,0,1,0,0,0,0,1
tt0051459,catonahottinroof,1958,7.9,0,2300000.0,0,0,0,0,0,0,0,0,0,0,1,0,0,0,0,0,0,0,0,1,0,0,0,0,0,0,0,1,0,0,0,1,0,0,0,0,0
tt0051525,thedefiantones,1958,7.6,0,,0,0,1,0,0,1,0,0,0,1,1,0,0,0,0,0,0,0,0,1,0,0,1,0,0,1,0,1,0,0,0,1,0,0,0,0,0
tt0051658,gigi,1958,6.6,0,3300000.0,0,0,0,1,1,1,0,0,0,1,0,0,0,1,0,1,0,0,0,1,1,1,1,0,0,1,1,1,1,1,0,0,1,0,1,0,1
tt0052182,separatetables,1958,7.4,1,,0,0,0,0,0,1,0,0,0,0,1,0,0,0,0,1,0,0,0,1,1,0,1,0,0,0,0,1,1,1,0,1,0,0,0,0,0
tt0052561,anatomyofamurder,1959,8.0,0,2000000.0,1,0,0,0,0,1,0,0,0,0,1,0,0,1,0,0,0,0,0,1,0,0,1,0,0,0,0,1,0,0,0,1,1,1,0,0,1
tt0052618,benhur,1959,8.1,1,15000000.0,0,1,1,0,1,1,0,1,0,0,1,0,0,0,0,0,0,0,0,1,0,1,1,0,0,0,0,1,1,0,0,1,0,1,1,1,0
tt0052738,thediaryofannefrank,1959,7.4,1,,1,0,0,0,0,1,0,0,1,0,1,1,0,0,0,0,0,0,0,1,0,0,0,1,1,1,1,1,0,1,1,1,0,0,0,0,1
tt0053131,thenunsstory,1959,7.5,1,3500000.0,2,0,0,0,0,0,0,0,0,0,1,0,0,0,0,0,0,0,0,1,0,0,0,0,0,0,0,1,0,0,0,1,0,0,0,0,0
tt0053226,roomatthetop,1959,7.5,0,,0,0,0,0,0,1,0,0,0,0,1,0,0,0,0,1,0,0,0,1,1,0,1,0,0,0,0,1,1,1,0,1,0,0,0,0,0
tt0053580,thealamo,1960,6.8,0,,0,0,0,0,0,1,0,1,0,0,1,0,1,0,0,0,0,0,0,1,0,1,1,0,0,1,0,1,1,1,0,1,1,1,1,1,1
tt0053604,theapartment,1960,8.3,1,3000000.0,1,1,0,1,1,1,0,0,0,1,1,0,0,0,0,1,0,0,0,1,1,1,1,0,0,0,0,1,1,1,0,1,0,0,0,0,1
tt0053793,elmergantry,1960,7.7,0,,1,0,0,0,0,0,0,0,0,0,1,0,0,0,0,0,0,0,0,1,0,0,0,0,0,0,0,1,0,0,0,1,0,0,0,0,0
tt0054326,sonsandlovers,1960,7.1,0,,1,0,0,0,0,0,0,0,0,0,1,0,0,0,0,0,0,0,0,1,0,0,0,0,0,0,0,1,0,0,0,1,0,0,0,0,0
tt0054353,thesundowners,1960,7.1,1,,0,0,0,0,0,1,0,0,0,0,1,0,0,0,0,0,0,0,1,1,0,0,1,0,0,0,0,1,1,0,0,1,1,1,0,0,0
tt0054866,fanny,1961,6.8,0,,0,0,0,0,0,1,0,0,0,0,1,0,0,0,0,1,0,0,0,1,1,0,1,0,0,0,0,1,1,1,0,1,0,0,0,0,0
tt0054953,thegunsofnavarone,1961,7.5,0,6000000.0,3,0,1,0,0,1,0,1,0,0,1,0,0,0,0,0,0,0,0,1,1,1,1,0,0,1,0,1,1,1,0,1,0,1,1,1,0
tt0054997,thehustler,1961,7.9,0,2100000.0,0,1,0,0,0,1,0,0,0,0,1,0,0,0,0,0,1,0,0,1,0,0,0,0,0,0,0,1,0,1,1,1,0,1,0,0,0
tt0055031,judgmentatnuremberg,1961,8.3,0,3000000.0,3,0,0,0,0,1,0,0,0,0,1,0,0,0,0,0,0,0,1,1,0,0,0,0,0,0,0,1,0,0,0,1,0,0,0,0,0
tt0055614,westsidestory,1961,7.6,0,6000000.0,0,0,0,0,1,1,0,0,0,1,1,0,0,1,0,0,0,0,0,1,1,0,1,0,0,1,1,1,0,0,0,1,1,0,1,0,0
tt0056085,howthewestwaswon,1963,7.1,0,,3,0,0,0,0,1,0,1,0,0,0,0,0,0,0,0,0,0,1,1,1,1,1,0,0,1,0,0,1,1,0,1,0,1,1,1,0
tt0056172,lawrenceofarabia,1962,8.3,1,15000000.0,4,0,1,0,1,1,0,1,1,0,1,0,0,0,0,0,0,0,0,1,0,1,1,1,1,1,0,1,1,1,1,1,0,1,1,1,1
tt0056197,thelongestday,1962,7.7,0,10000000.0,0,0,0,0,0,1,0,1,0,0,1,0,1,0,0,0,0,0,0,1,1,0,0,0,0,1,0,1,1,1,0,1,1,1,0,0,1
tt0056262,meredithwillsonsthemusicman,1962,7.7,0,,1,0,0,0,0,1,0,0,0,1,0,1,0,1,0,0,0,0,0,1,1,1,1,0,0,1,1,1,0,1,0,0,1,0,1,0,1
tt0056264,mutinyonthebounty,1962,7.2,0,19000000.0,2,0,0,0,0,1,0,1,0,0,1,0,1,0,0,0,0,0,0,1,0,1,1,0,0,1,0,1,1,1,0,1,1,1,1,1,1
tt0056592,tokillamockingbird,1962,8.3,0,,0,0,0,0,0,1,0,0,0,1,1,0,0,0,0,0,0,0,0,1,0,0,1,0,0,1,0,1,0,0,0,1,0,0,0,0,0
tt0056825,americaamerica,1963,7.7,1,,0,0,0,0,0,1,0,1,0,0,1,0,0,0,0,0,0,0,0,1,0,1,1,0,0,0,0,1,1,0,0,1,0,1,1,1,0
tt0056937,cleopatra,1963,7.0,0,44000000.0,1,0,0,0,0,1,0,0,1,0,1,0,1,0,0,0,0,0,0,1,0,0,0,1,1,1,0,1,0,1,1,1,1,1,0,0,1
tt0057012,drstrangeloveorhowilearnedtostopworryingandlovethebomb,1964,8.3,0,1800000.0,0,0,0,0,0,1,0,0,0,1,0,0,0,0,0,0,0,0,1,1,0,1,1,0,0,0,0,1,0,1,0,1,0,0,0,0,1
tt0057251,liliesofthefield,1963,7.5,0,,0,0,0,0,0,1,0,0,0,1,1,0,0,0,0,0,0,0,0,1,0,1,1,0,0,0,0,1,0,1,0,1,0,0,0,0,1
tt0057590,tomjones,1963,6.4,1,,0,1,0,1,1,1,0,1,0,1,0,0,1,0,0,0,0,0,0,0,0,1,1,0,0,1,0,1,1,1,0,1,1,1,1,1,1
tt0057831,zorbathegreek,1964,7.6,0,,2,0,0,0,0,1,0,0,0,1,1,0,0,0,0,0,0,0,0,1,0,1,1,0,0,0,0,1,0,1,0,1,0,0,0,0,1
tt0057877,becket,1964,7.7,0,,0,0,1,0,0,1,0,0,1,0,1,0,1,0,0,0,0,0,0,1,0,0,0,1,1,1,0,1,0,1,1,1,1,1,0,0,1
tt0058331,marypoppins,1964,7.8,0,6000000.0,0,0,0,0,0,1,0,0,0,1,0,1,0,0,0,0,0,0,0,1,0,1,1,0,0,1,1,1,1,1,0,0,1,1,0,0,1
tt0058385,myfairlady,1964,7.7,1,17000000.0,1,1,0,1,1,1,0,0,0,0,1,1,0,1,0,0,0,0,0,1,1,0,0,0,0,1,1,1,0,0,0,1,1,0,1,0,1
tt0059084,darling,1965,7.0,0,,0,0,0,0,0,1,0,0,0,0,1,0,0,0,0,1,0,0,0,1,1,0,1,0,0,0,0,1,1,1,0,1,0,0,0,0,0
tt0059113,doctorzhivago,1965,7.9,1,15000000.0,1,0,1,0,0,1,0,0,0,0,1,0,0,0,0,1,0,0,1,1,1,0,1,0,0,0,0,1,1,1,0,1,0,0,0,0,0
tt0059712,shipoffools,1965,7.1,0,,4,0,0,0,0,1,0,0,0,0,1,0,0,0,0,1,0,0,1,1,1,0,1,0,0,0,0,1,1,1,0,1,0,0,0,0,0
tt0059742,thesoundofmusic,1965,8.1,1,,1,0,0,1,1,1,0,0,1,0,1,1,0,0,0,0,0,0,0,1,0,0,0,1,1,1,1,1,0,1,1,1,0,0,0,0,1
tt0059798,athousandclowns,1965,7.3,0,,0,0,0,0,0,1,0,0,0,1,1,0,0,0,0,1,0,0,0,1,1,1,1,0,0,0,0,1,1,1,0,1,0,0,0,0,1
tt0060086,alfie,1966,7.0,0,500000.0,2,0,0,0,0,1,0,0,0,1,1,0,0,0,0,0,0,0,0,1,0,1,1,0,0,0,0,1,0,1,0,1,0,0,0,0,1
tt0060665,amanforallseasons,1966,7.7,1,2000000.0,1,1,1,0,1,1,0,0,1,0,1,0,1,0,0,0,0,0,0,1,0,0,0,1,1,1,0,1,0,1,1,1,1,1,0,0,1
tt0060921,therussiansarecomingtherussiansarecoming,1966,7.0,0,3900000.0,1,0,0,1,0,1,0,0,0,1,0,0,0,0,0,0,0,0,1,1,0,1,1,0,0,0,0,1,0,1,0,1,0,0,0,0,1
tt0060934,thesandpebbles,1966,7.5,1,,0,0,0,0,0,1,0,1,0,0,1,0,0,0,0,1,0,0,0,1,1,1,1,0,0,0,0,1,1,1,0,1,0,1,1,1,0
tt0061184,whosafraidofvirginiawoolf,1966,8.0,0,,1,1,0,0,0,0,0,0,0,0,1,0,0,0,0,0,0,0,0,1,0,0,0,0,0,0,0,1,0,0,0,1,0,0,0,0,0
tt0061418,bonnieandclyde,1967,7.7,0,2500000.0,0,0,0,0,0,1,0,1,1,1,0,0,0,0,0,0,0,0,0,1,1,0,1,1,1,1,0,1,1,1,1,1,0,1,0,0,1
tt0061584,doctordolittle,1967,6.2,0,,1,0,0,0,0,1,0,1,0,1,0,1,0,0,0,0,0,0,0,1,0,1,1,0,0,1,1,1,1,1,0,1,0,1,1,1,1
tt0061722,thegraduate,1967,8.0,1,,1,1,0,1,0,1,0,0,0,1,1,0,0,0,0,1,0,0,0,1,1,1,1,0,0,0,0,1,1,1,0,1,0,0,0,0,1
tt0061735,guesswhoscomingtodinner,1967,7.8,0,,4,0,0,0,0,1,0,0,0,1,1,0,0,0,0,0,0,0,0,1,0,1,1,0,0,0,0,1,0,1,0,1,0,0,0,0,1
tt0061811,intheheatofthenight,1967,7.9,0,2000000.0,1,0,1,0,1,1,0,0,0,0,1,0,0,1,0,0,0,1,0,1,0,0,1,0,1,1,1,1,0,0,0,1,1,1,0,0,1
tt0062994,funnygirl,1968,7.4,1,14100000.0,0,0,0,0,0,1,0,0,1,1,1,0,0,0,0,0,0,0,0,1,0,1,1,1,1,1,0,1,0,1,1,1,0,0,0,0,1
tt0063227,thelioninwinter,1968,7.8,0,,2,0,1,0,0,1,0,0,1,0,1,0,1,0,0,0,0,0,0,1,0,0,0,1,1,1,0,1,0,1,1,1,1,1,0,0,1
tt0063385,oliver,1968,7.4,1,,1,0,0,1,1,1,0,0,0,0,1,1,0,1,0,0,0,0,0,1,1,0,0,0,0,1,1,1,0,0,0,1,1,0,1,0,1
tt0063483,rachelrachel,1968,7.1,0,,2,0,0,0,0,1,0,0,0,0,1,0,0,0,0,1,0,0,0,1,1,0,1,0,0,0,0,1,1,1,0,1,0,0,0,0,0
tt0063518,romeoandjuliet,1968,7.6,0,850000.0,0,0,0,0,0,1,0,0,0,0,1,0,0,0,0,1,0,0,0,1,1,0,1,0,0,0,0,1,1,1,0,1,0,0,0,0,0
tt0064030,anneofthethousanddays,1969,7.4,0,,0,0,1,0,0,1,0,0,1,0,1,0,1,0,0,0,0,0,0,1,0,0,0,1,1,1,0,1,0,1,1,1,1,1,0,0,1
tt0064115,butchcassidyandthesundancekid,1969,8.0,0,6000000.0,0,1,0,0,0,1,0,0,1,1,1,0,0,0,0,0,0,0,0,1,0,0,1,1,1,1,0,1,0,1,1,1,0,0,0,0,1
tt0064418,hellodolly,1969,7.0,0,25000000.0,2,0,0,0,0,1,0,1,0,1,0,0,0,1,0,0,0,0,0,1,1,1,1,0,0,1,1,1,1,1,0,1,1,1,1,1,1
tt0064665,midnightcowboy,1969,7.8,1,,0,1,0,0,1,0,0,0,0,0,1,0,0,0,0,0,0,0,0,1,0,0,0,0,0,0,0,1,0,0,0,1,0,0,0,0,0
tt0065234,z,1969,8.1,0,,0,0,0,0,0,1,0,0,0,1,1,0,0,0,0,0,0,1,0,1,0,0,1,0,1,1,1,1,0,0,0,1,0,0,0,0,0
tt0065377,airport,1970,6.6,0,10000000.0,4,0,0,0,0,1,0,1,0,0,1,0,0,0,0,0,0,1,0,1,1,0,1,0,1,1,1,1,1,1,0,1,0,1,0,0,0
tt0065724,fiveeasypieces,1970,7.4,0,1600000.0,0,0,0,0,0,0,0,0,0,0,1,0,0,0,0,0,0,0,0,1,0,0,0,0,0,0,0,1,0,0,0,1,0,0,0,0,0
tt0066011,lovestory,1970,6.9,0,2200000.0,1,0,1,0,0,1,0,0,0,0,1,0,0,0,0,1,0,0,0,1,1,0,1,0,0,0,0,1,1,1,0,1,0,0,0,0,0
tt0066026,mash,1970,7.3,0,,0,0,0,1,0,1,0,0,0,1,1,0,0,0,0,0,0,0,1,1,0,1,1,0,0,0,0,1,0,1,0,1,0,0,0,0,1
tt0066206,patton,1970,7.9,1,12600000.0,1,0,0,0,1,1,0,0,1,0,1,0,0,0,0,0,0,0,1,1,0,0,0,1,1,1,0,1,0,1,1,1,0,0,0,0,1
tt0066921,aclockworkorange,1971,8.2,0,2200000.0,0,0,0,0,0,1,1,0,0,1,0,1,0,0,0,0,1,0,0,0,1,0,1,0,0,1,0,1,0,0,0,1,0,0,0,0,0
tt0067093,fiddlerontheroof,1971,8.0,0,,0,0,0,1,0,1,0,0,0,0,1,1,0,1,0,0,0,0,0,1,1,0,0,0,0,1,1,1,0,0,0,1,1,0,1,0,1
tt0067116,thefrenchconnection,1971,7.7,1,1800000.0,0,0,1,0,1,1,0,1,0,1,1,0,0,0,0,0,0,0,0,1,1,0,1,0,0,1,0,1,1,1,0,1,0,1,0,0,0
tt0067328,thelastpictureshow,1971,8.0,0,1300000.0,0,0,0,0,0,1,0,0,0,0,1,0,0,0,0,1,0,0,0,1,1,0,1,0,0,0,0,1,1,1,0,1,0,0,0,0,0
tt0067483,nicholasandalexandra,1971,7.2,1,,0,0,0,0,0,1,0,0,1,0,1,0,1,0,0,0,0,0,0,1,0,0,0,1,1,1,0,1,0,1,1,1,1,1,0,0,1
tt0067919,theemigrants,1972,8.0,0,,0,0,0,0,0,1,0,0,0,0,1,0,1,0,0,0,0,0,0,1,0,0,0,0,0,1,0,1,0,1,0,1,1,1,0,0,1
tt0068327,cabaret,1972,7.8,1,4600000.0,0,1,0,1,0,1,0,0,0,0,1,0,0,1,0,0,0,0,0,1,1,0,0,0,0,1,1,1,0,0,0,1,1,0,1,0,0
tt0068473,deliverance,1972,7.6,0,2000000.0,0,0,0,0,0,1,0,1,0,0,1,0,0,0,0,0,0,1,0,1,0,1,1,0,1,1,1,1,1,0,0,1,0,1,1,1,0
tt0068646,thegodfather,1972,9.2,0,6000000.0,1,0,1,0,1,1,0,0,0,1,1,0,0,0,0,0,0,0,0,1,0,0,1,0,0,1,0,1,0,0,0,1,0,0,0,0,0
tt0069303,sounder,1972,7.5,0,,0,0,0,0,0,1,0,0,0,0,1,1,0,0,0,0,0,0,0,1,0,0,0,0,0,1,1,1,0,0,0,1,0,0,0,0,1
tt0069467,criesandwhispers,1973,7.9,0,,0,0,0,0,0,0,0,0,0,0,1,0,0,0,0,0,0,0,0,1,0,0,0,0,0,0,0,1,0,0,0,1,0,0,0,0,0
tt0069704,americangraffiti,1973,7.4,0,775000.0,0,0,0,1,0,1,0,0,0,1,1,0,0,0,0,0,0,0,0,1,0,1,1,0,0,0,0,1,0,1,0,1,0,0,0,0,1
tt0070047,theexorcist,1973,8.1,1,12000000.0,0,0,1,0,0,0,0,0,0,0,0,0,1,0,0,0,0,0,0,0,0,0,0,0,0,0,0,0,0,1,0,1,0,0,0,0,0
tt0070735,thesting,1973,8.3,1,5500000.0,0,0,0,0,1,1,0,0,0,1,1,0,0,0,0,0,0,0,0,1,0,1,1,0,0,1,0,1,0,1,0,1,0,0,0,0,1
tt0070819,atouchofclass,1973,6.5,0,,1,0,0,0,0,1,0,0,0,1,0,0,0,0,0,1,0,0,0,1,1,1,1,0,0,0,0,1,1,1,0,0,0,0,0,0,1
tt0071315,chinatown,1974,8.1,0,6000000.0,0,1,1,0,0,1,0,0,0,0,1,0,0,1,0,0,0,1,0,1,0,0,1,0,1,1,1,1,0,0,0,1,1,1,0,0,1
tt0071360,theconversation,1974,7.7,1,1600000.0,1,0,0,0,0,1,0,0,0,0,1,0,0,1,0,0,0,1,0,1,0,0,1,0,1,1,1,1,0,0,0,1,1,1,0,0,1
tt0071562,thegodfatherpartii,1974,9.0,1,13000000.0,0,0,0,0,1,1,0,0,0,1,1,0,0,0,0,0,0,0,0,1,0,0,1,0,0,1,0,1,0,0,0,1,0,0,0,0,0
tt0071746,lenny,1974,7.5,1,,0,0,0,0,0,1,0,0,1,0,1,0,0,0,0,0,0,0,0,1,0,0,0,1,1,1,0,1,0,1,1,1,0,0,0,0,1
tt0072308,thetoweringinferno,1974,7.0,0,14000000.0,2,0,0,0,0,1,0,1,0,0,1,0,0,0,0,0,0,1,0,1,1,0,1,0,1,1,1,1,1,1,0,1,0,1,0,0,0
tt0072684,barrylyndon,1975,8.1,0,11000000.0,0,0,0,0,0,1,0,1,0,0,1,0,0,0,0,0,0,0,1,1,0,1,1,0,0,0,0,1,1,0,0,1,0,1,1,1,0
tt0072890,dogdayafternoon,1975,8.0,0,3800000.0,0,0,0,0,0,1,0,0,1,1,1,0,0,0,0,0,0,0,0,1,0,0,1,1,1,1,0,1,0,1,1,1,0,0,0,0,1
tt0073195,jaws,1975,8.1,0,9000000.0,0,0,0,0,0,1,0,1,0,0,1,0,1,0,0,0,0,0,0,1,0,1,1,0,0,0,0,1,1,1,0,1,0,1,1,1,0
tt0073440,nashville,1975,7.6,0,2200000.0,0,0,0,0,0,1,0,0,0,1,1,0,0,1,0,0,0,0,0,1,1,1,1,0,0,1,0,1,0,1,0,1,1,0,1,0,1
tt0073486,oneflewoverthecuckoosnest,1975,8.7,1,3000000.0,0,1,1,0,1,0,0,0,0,0,1,0,0,0,0,0,0,0,0,1,0,0,0,0,0,0,0,1,0,0,0,1,0,0,0,0,0
tt0074119,allthepresidentsmen,1976,7.9,0,8500000.0,1,0,0,0,0,1,0,0,0,0,1,0,1,0,0,0,0,1,0,1,0,0,1,0,1,1,1,1,0,1,0,1,1,1,0,0,1
tt0074235,boundforglory,1976,7.2,0,,0,0,0,0,0,1,0,0,1,0,1,0,0,1,0,0,0,0,0,1,1,0,0,1,1,1,0,1,0,1,1,1,1,0,1,0,1
tt0074958,network,1976,8.1,0,3800000.0,1,0,0,0,0,0,0,0,0,0,1,0,0,0,0,0,0,0,0,1,0,0,0,0,0,0,0,1,0,0,0,1,0,0,0,0,0
tt0075148,rocky,1976,8.1,1,1000000.0,0,0,1,0,1,1,0,0,0,0,1,0,0,0,0,0,1,0,0,1,0,0,0,0,0,0,0,1,0,1,1,1,0,1,0,0,0
tt0075314,taxidriver,1976,8.2,0,1900000.0,1,0,0,0,0,1,0,0,0,1,1,0,0,0,0,0,0,0,0,1,0,0,1,0,0,1,0,1,0,0,0,1,0,0,0,0,0
tt0075686,anniehall,1977,7.9,1,4000000.0,0,1,0,0,1,1,0,0,0,1,0,0,0,0,0,1,0,0,0,1,1,1,1,0,0,0,0,1,1,1,0,0,0,0,0,0,1
tt0076095,thegoodbyegirl,1977,7.4,0,,0,0,0,1,0,1,0,0,0,1,1,0,0,0,0,1,0,0,0,1,1,1,1,0,0,0,0,1,1,1,0,1,0,0,0,0,1
tt0076245,julia,1977,7.1,1,,3,1,0,0,0,0,0,0,0,0,1,0,0,0,0,0,0,0,0,1,0,0,0,0,0,0,0,1,0,0,0,1,0,0,0,0,0
tt0076759,starwars,1977,8.6,0,11000000.0,1,0,0,0,0,1,0,1,0,0,0,1,0,0,0,0,0,0,0,1,1,1,1,0,0,1,0,0,1,1,0,1,1,1,1,1,1
tt0076843,theturningpoint,1977,6.8,0,,1,0,1,0,0,1,0,0,0,0,1,0,0,1,0,1,0,0,0,1,1,0,1,0,0,1,0,1,1,1,0,1,1,0,1,0,0
tt0077362,cominghome,1978,7.3,0,,1,0,0,0,0,1,0,0,0,0,1,0,0,0,0,1,0,0,1,1,1,0,1,0,0,0,0,1,1,1,0,1,0,0,0,0,0
tt0077416,thedeerhunter,1978,8.1,1,15000000.0,1,0,0,0,1,1,0,0,0,0,1,0,0,0,0,0,0,0,1,1,0,0,0,0,0,0,0,1,0,0,0,1,0,0,0,0,0
tt0077663,heavencanwait,1978,6.9,0,,1,0,0,1,0,1,0,0,0,1,0,1,0,0,0,1,0,0,0,1,1,1,1,0,0,0,0,1,1,1,0,0,1,1,0,0,1
tt0077928,midnightexpress,1978,7.5,0,2300000.0,0,0,1,0,0,1,0,0,1,1,1,0,0,0,0,0,0,0,0,1,0,0,1,1,1,1,0,1,0,1,1,1,0,0,0,0,1
tt0078444,anunmarriedwoman,1978,7.2,0,,0,0,0,0,0,1,0,0,0,1,1,0,0,0,0,1,0,0,0,1,1,1,1,0,0,0,0,1,1,1,0,1,0,0,0,0,1
tt0078754,allthatjazz,1979,7.8,1,12000000.0,0,0,0,1,0,1,0,0,0,0,1,0,0,1,0,0,0,0,0,1,1,0,0,0,0,1,1,1,0,0,0,1,1,0,1,0,0
tt0078788,apocalypsenow,1979,8.4,1,31500000.0,2,0,0,0,0,1,0,0,0,0,1,0,0,1,0,0,0,0,1,1,0,0,1,0,0,0,0,1,0,0,0,1,1,1,0,0,1
tt0078902,breakingaway,1979,7.7,0,,0,0,0,0,0,1,0,0,0,1,1,0,0,0,0,0,1,0,0,1,0,1,1,0,0,0,0,1,0,1,1,1,0,1,0,0,1
tt0079417,kramervskramer,1979,7.8,1,8000000.0,0,0,1,0,1,0,0,0,0,0,1,0,0,0,0,0,0,0,0,1,0,0,0,0,0,0,0,1,0,0,0,1,0,0,0,0,0
tt0079638,normarae,1979,7.3,0,,0,0,0,0,0,0,0,0,0,0,1,0,0,0,0,0,0,0,0,1,0,0,0,0,0,0,0,1,0,0,0,1,0,0,0,0,0
tt0080009,tess,1980,7.3,0,,0,0,0,0,0,1,0,0,0,0,1,0,0,0,0,1,0,0,0,1,1,0,1,0,0,0,0,1,1,1,0,1,0,0,0,0,0
tt0080388,atlanticcity,1981,7.3,0,7200000.0,1,0,0,0,0,1,0,0,0,1,1,0,0,0,0,1,0,0,0,1,1,0,1,0,0,1,0,1,1,1,0,1,0,0,0,0,0
tt0080549,coalminersdaughter,1980,7.5,0,,0,0,0,1,0,1,0,0,1,0,1,0,0,1,0,0,0,0,0,1,1,0,0,1,1,1,0,1,0,1,1,1,1,0,1,0,1
tt0080678,theelephantman,1980,8.2,0,5000000.0,2,1,0,0,0,1,0,0,1,0,1,0,0,0,0,0,0,0,0,1,0,0,0,1,1,1,0,1,0,1,1,1,0,0,0,0,1
tt0081283,ordinarypeople,1980,7.7,1,6200000.0,0,0,1,0,1,0,0,0,0,0,1,0,0,0,0,0,0,0,0,1,0,0,0,0,0,0,0,1,0,0,0,1,0,0,0,0,0
tt0081398,ragingbull,1980,8.1,0,18000000.0,1,0,0,0,0,1,0,0,1,0,1,0,0,0,0,0,1,0,0,1,0,0,0,1,1,1,0,1,0,1,1,1,0,1,0,0,1
tt0082158,chariotsoffire,1981,7.1,0,5500000.0,0,0,0,0,1,1,0,0,1,0,1,0,0,0,0,0,1,0,0,1,0,0,0,1,1,1,0,1,0,1,1,1,0,1,0,0,1
tt0082846,ongoldenpond,1981,7.6,0,,5,0,1,0,0,0,0,0,0,0,1,0,0,0,0,0,0,0,0,1,0,0,0,0,0,0,0,1,0,0,0,1,0,0,0,0,0
tt0082971,raidersofthelostark,1981,8.4,0,18000000.0,0,0,0,0,0,1,0,1,0,0,0,0,0,0,0,0,0,0,0,0,1,1,1,0,0,1,0,0,1,1,0,1,0,1,1,1,0
tt0082979,reds,1981,7.3,1,,2,0,0,0,0,1,0,0,1,0,1,0,1,0,0,0,0,0,0,1,0,0,0,1,1,1,0,1,0,1,1,1,1,1,0,0,1
tt0083866,ettheextraterrestrial,1982,7.9,0,10500000.0,0,0,1,0,0,1,1,1,0,0,0,1,0,0,0,0,1,0,0,1,1,1,1,0,0,1,1,1,1,0,0,1,0,1,1,1,1
tt0083987,gandhi,1982,8.0,1,22000000.0,2,1,0,0,1,1,0,0,1,0,1,0,1,0,0,0,0,0,0,1,0,0,0,1,1,1,0,1,0,1,1,1,1,1,0,0,1
tt0084335,missing,1982,7.7,0,,3,0,0,0,0,1,0,0,1,0,1,0,1,0,0,0,0,0,0,1,0,0,0,1,1,1,0,1,0,1,1,1,1,1,0,0,1
tt0084805,tootsie,1982,7.4,0,21000000.0,1,0,0,1,0,1,0,0,0,1,1,0,0,0,0,1,0,0,0,1,1,1,1,0,0,0,0,1,1,1,0,1,0,0,0,0,1
tt0084855,theverdict,1982,7.7,0,16000000.0,0,0,0,0,0,0,0,0,0,0,1,0,0,0,0,0,0,0,0,1,0,0,0,0,0,0,0,1,0,0,0,1,0,0,0,0,0
tt0085244,thebigchill,1983,7.1,0,8000000.0,0,0,0,0,0,1,0,0,0,1,1,0,0,0,0,0,0,0,0,1,0,1,1,0,0,0,0,1,0,1,0,1,0,0,0,0,1
tt0085461,thedresser,1983,7.5,0,,0,0,0,0,0,0,0,0,0,0,1,0,0,0,0,0,0,0,0,1,0,0,0,0,0,0,0,1,0,0,0,1,0,0,0,0,0
tt0086197,therightstuff,1983,7.8,0,27000000.0,0,0,0,0,0,1,0,1,1,0,1,0,0,0,0,0,0,0,0,1,0,1,1,1,1,1,0,1,1,1,1,1,0,1,1,1,1
tt0086423,tendermercies,1983,7.3,0,,0,0,0,0,0,1,0,0,0,0,1,0,0,1,0,0,0,0,0,1,1,0,0,0,0,1,0,1,0,0,0,1,1,0,1,0,0
tt0086425,termsofendearment,1983,7.4,1,,1,0,1,0,1,1,0,0,0,1,1,0,0,0,0,0,0,0,0,1,0,1,1,0,0,0,0,1,0,1,0,1,0,0,0,0,1
tt0086879,amadeus,1984,8.4,1,18000000.0,0,0,1,0,1,1,0,0,1,0,1,0,0,1,0,0,0,0,0,1,1,0,0,1,1,1,0,1,0,1,1,1,1,0,1,0,1
tt0087553,thekillingfields,1984,7.8,0,,0,1,0,0,0,1,0,0,1,0,1,0,1,0,0,0,0,0,0,1,0,0,0,1,1,1,0,1,0,1,1,1,1,1,0,0,1
tt0087892,apassagetoindia,1984,7.3,1,,1,0,0,0,0,1,0,1,0,0,1,0,1,0,0,0,0,0,0,1,0,1,1,0,0,1,0,1,1,1,0,1,1,1,1,1,1
tt0087921,placesintheheart,1984,7.4,1,9500000.0,1,0,0,0,0,0,0,0,0,0,1,0,0,0,0,0,0,0,0,1,0,0,0,0,0,0,0,1,0,0,0,1,0,0,0,0,0
tt0088146,asoldiersstory,1984,7.2,0,,0,0,0,0,0,1,0,0,0,1,1,0,0,1,0,0,0,0,0,1,0,0,1,0,0,1,0,1,0,0,0,1,1,1,0,0,1
tt0088939,thecolorpurple,1985,7.7,0,15000000.0,0,0,0,0,0,0,0,0,0,0,1,0,0,0,0,0,0,0,0,1,0,0,0,0,0,0,0,1,0,0,0,1,0,0,0,0,0
tt0089424,kissofthespiderwoman,1985,7.3,0,1500000.0,0,0,0,0,0,0,0,0,0,0,1,0,0,0,0,0,0,0,0,1,0,0,0,0,0,0,0,1,0,0,0,1,0,0,0,0,0
tt0089755,outofafrica,1985,7.1,1,31000000.0,2,0,1,0,1,1,0,0,1,0,1,0,0,0,0,1,0,0,0,1,1,0,1,1,1,1,0,1,1,1,1,1,0,0,0,0,1
tt0089841,prizzishonor,1985,6.7,1,,2,0,0,1,0,1,0,0,0,1,1,0,0,0,0,0,0,0,0,1,0,1,1,0,0,1,0,1,0,1,0,1,0,0,0,0,1
tt0090329,witness,1985,7.3,0,12000000.0,0,0,0,0,0,1,0,0,0,0,1,0,0,0,0,1,0,1,0,1,1,0,1,0,1,1,1,1,1,1,0,1,0,0,0,0,0
tt0090830,childrenofalessergod,1986,7.2,0,,1,0,0,0,0,1,0,0,0,0,1,0,0,0,0,1,0,0,0,1,1,0,1,0,0,0,0,1,1,1,0,1,0,0,0,0,0
tt0091167,hannahandhersisters,1986,7.8,1,,0,0,0,1,0,1,0,0,0,1,1,0,0,0,0,0,0,0,0,1,0,1,1,0,0,0,0,1,0,1,0,1,0,0,0,0,1
tt0091530,themission,1986,7.4,0,16500000.0,2,0,0,0,0,1,0,1,0,0,1,0,1,0,0,0,0,0,0,1,0,1,1,0,0,1,0,1,1,1,0,1,1,1,1,1,1
tt0091763,platoon,1986,8.1,1,6000000.0,0,0,1,0,1,1,0,0,0,0,1,0,0,0,0,0,0,0,1,1,0,0,0,0,0,0,0,1,0,0,0,1,0,0,0,0,0
tt0091867,aroomwithaview,1986,7.2,0,2300000.0,2,1,0,0,0,1,0,0,0,0,1,0,0,0,0,1,0,0,0,1,1,0,1,0,0,0,0,1,1,1,0,1,0,0,0,0,0
tt0092699,broadcastnews,1987,7.3,1,20000000.0,3,0,0,0,0,1,0,0,0,1,1,0,0,0,0,1,0,0,0,1,1,1,1,0,0,0,0,1,1,1,0,1,0,0,0,0,1
tt0093010,fatalattraction,1987,6.9,0,14000000.0,0,0,0,0,0,1,0,0,0,0,1,0,0,0,0,0,0,1,0,1,0,0,1,0,1,1,1,1,0,0,0,1,0,0,0,0,0
tt0093209,hopeandglory,1987,7.3,0,,0,0,0,1,0,1,0,0,0,1,1,0,0,0,0,1,0,0,0,1,1,1,1,0,0,0,0,1,1,1,0,1,0,0,0,0,1
tt0093389,thelastemperor,1987,7.7,1,23800000.0,0,1,1,0,1,1,0,0,1,0,1,0,1,0,0,0,0,0,0,1,0,0,0,1,1,1,0,1,0,1,1,1,1,1,0,0,1
tt0093565,moonstruck,1987,7.2,0,15000000.0,0,0,0,0,0,1,0,0,0,1,1,0,0,0,0,1,0,0,0,1,1,1,1,0,0,0,0,1,1,1,0,1,0,0,0,0,1
tt0094606,theaccidentaltourist,1988,6.7,0,15000000.0,1,0,0,0,0,1,0,0,0,1,1,0,0,0,0,1,0,0,0,1,1,1,1,0,0,0,0,1,1,1,0,1,0,0,0,0,1
tt0094947,dangerousliaisons,1988,7.5,0,,0,0,0,0,0,1,0,0,0,0,1,0,0,0,0,1,0,0,0,1,1,0,1,0,0,0,0,1,1,1,0,1,0,0,0,0,0
tt0095647,mississippiburning,1988,7.8,0,15000000.0,1,0,0,0,0,1,0,0,0,1,1,0,0,1,0,0,0,0,0,1,0,0,1,0,0,1,0,1,0,0,0,1,1,1,0,0,1
tt0095953,rainman,1988,8.0,1,25000000.0,1,0,1,0,1,0,0,0,0,0,1,0,0,0,0,0,0,0,0,1,0,0,0,0,0,0,0,1,0,0,0,1,0,0,0,0,0
tt0096463,workinggirl,1988,6.8,1,,0,0,0,1,0,1,0,0,0,1,1,0,0,0,0,1,0,0,0,1,1,1,1,0,0,0,0,1,1,1,0,1,0,0,0,0,1
tt0096969,bornonthefourthofjuly,1989,7.2,1,17800000.0,0,0,1,0,0,1,0,0,1,0,1,0,0,0,0,0,0,0,1,1,0,0,0,1,1,1,0,1,0,1,1,1,0,0,0,0,1
tt0097165,deadpoetssociety,1989,8.1,0,16400000.0,0,1,0,0,0,1,0,0,0,1,1,0,0,0,0,0,0,0,0,1,0,1,1,0,0,0,0,1,0,1,0,1,0,0,0,0,1
tt0097239,drivingmissdaisy,1989,7.3,0,7500000.0,0,0,0,1,1,1,0,0,0,1,1,0,0,0,0,0,0,0,0,1,0,1,1,0,0,0,0,1,0,1,0,1,0,0,0,0,1
tt0097351,fieldofdreams,1989,7.5,0,,1,0,0,0,0,1,0,0,0,0,1,1,0,0,0,0,0,0,0,1,0,0,0,0,0,1,1,1,1,0,0,1,1,1,0,0,1
tt0097937,myleftfoot,1989,7.8,0,600000.0,0,0,0,0,0,1,0,0,1,0,1,0,0,0,0,0,0,0,0,1,0,0,0,1,1,1,0,1,0,1,1,1,0,0,0,0,1
tt0099077,awakenings,1990,7.8,0,31000000.0,2,0,0,0,0,1,0,0,1,0,1,0,0,0,0,0,0,0,0,1,0,0,0,1,1,1,0,1,0,1,1,1,0,0,0,0,1
tt0099348,danceswithwolves,1990,8.0,1,22000000.0,0,0,1,0,1,1,0,1,0,0,1,0,0,0,0,0,0,0,1,1,0,1,1,0,0,0,0,1,1,0,0,1,1,1,1,1,0
tt0099653,ghost,1990,7.1,0,22000000.0,0,0,0,0,0,1,0,0,0,0,1,1,0,0,0,1,0,0,0,1,1,0,1,0,0,0,0,1,1,1,0,1,1,1,0,0,1
tt0099674,thegodfatherpartiii,1990,7.6,1,54000000.0,1,0,0,0,0,1,0,0,0,1,1,0,0,0,0,0,0,0,0,1,0,0,1,0,0,1,0,1,0,0,0,1,0,0,0,0,0
tt0099685,goodfellas,1990,8.7,0,25000000.0,2,1,0,0,0,1,0,0,1,1,1,0,0,0,0,0,0,0,0,1,0,0,1,1,1,1,0,1,0,1,1,1,0,0,0,0,1
tt0101414,beautyandthebeast,1991,8.0,0,25000000.0,0,0,1,1,0,1,0,1,0,0,0,1,0,0,0,0,0,0,0,1,0,0,0,0,0,1,1,1,1,1,0,0,1,1,0,0,1
tt0101516,bugsy,1991,6.8,1,,1,0,1,0,0,1,0,0,1,1,1,0,0,0,0,0,0,0,0,1,0,0,1,1,1,1,0,1,0,1,1,1,0,0,0,0,1
tt0102138,jfk,1991,8.0,1,,3,0,0,0,0,1,0,0,0,0,1,0,1,0,0,0,0,1,0,1,0,0,1,0,1,1,1,1,0,1,0,1,1,1,0,0,1
tt0102713,theprinceoftides,1991,6.8,0,,1,0,0,0,0,1,0,0,0,0,1,0,0,0,0,1,0,0,0,1,1,0,1,0,0,0,0,1,1,1,0,1,0,0,0,0,0
tt0102926,thesilenceofthelambs,1991,8.6,1,19000000.0,1,0,0,0,1,1,0,0,0,1,1,0,1,0,0,0,0,0,0,1,0,0,1,0,0,1,0,1,0,1,0,1,0,0,0,0,0
tt0104036,thecryinggame,1992,7.2,0,,0,0,0,0,0,1,0,0,0,1,1,0,0,0,0,1,0,0,0,1,1,0,1,0,0,1,0,1,1,1,0,1,0,0,0,0,0
tt0104257,afewgoodmen,1992,7.7,0,,2,0,0,0,0,1,0,0,0,0,1,0,0,0,0,0,0,1,0,1,0,0,1,0,1,1,1,1,0,0,0,1,0,0,0,0,0
tt0104454,howardsend,1992,7.4,0,,2,1,0,0,0,1,0,0,0,0,1,0,0,0,0,1,0,0,0,1,1,0,1,0,0,0,0,1,1,1,0,1,0,0,0,0,0
tt0105323,scentofawoman,1992,8.0,0,31000000.0,0,0,1,0,0,0,0,0,0,0,1,0,0,0,0,0,0,0,0,1,0,0,0,0,0,0,0,1,0,0,0,1,0,0,0,0,0
tt0105695,unforgiven,1992,8.2,1,14400000.0,1,0,0,0,1,1,0,0,0,0,1,0,0,0,0,0,0,0,1,1,0,0,1,0,0,0,0,1,1,0,0,1,1,1,0,0,0
tt0106977,thefugitive,1993,7.8,0,44000000.0,0,0,0,0,0,1,0,1,0,1,1,0,0,0,0,0,0,0,0,1,1,0,1,0,0,1,0,1,1,1,0,1,0,1,0,0,0
tt0107207,inthenameofthefather,1993,8.1,0,,1,0,0,0,0,1,0,0,1,1,1,0,0,0,0,0,0,0,0,1,0,0,1,1,1,1,0,1,0,1,1,1,0,0,0,0,1
tt0107822,thepiano,1993,7.5,0,,0,0,0,0,0,1,0,0,0,0,1,0,0,1,0,1,0,0,0,1,1,0,1,0,0,1,0,1,1,1,0,1,1,0,1,0,0
tt0107943,theremainsoftheday,1993,7.8,0,,2,0,0,0,0,1,0,0,0,0,1,0,0,0,0,1,0,0,0,1,1,0,1,0,0,0,0,1,1,1,0,1,0,0,0,0,0
tt0108052,schindlerslist,1993,9.0,1,25000000.0,1,1,1,0,1,1,0,0,1,0,1,0,1,0,0,0,0,0,0,1,0,0,0,1,1,1,0,1,0,1,1,1,1,1,0,0,1
tt0109830,forrestgump,1994,8.8,1,55000000.0,3,0,1,0,1,1,0,0,0,0,1,0,0,0,0,1,0,0,0,1,1,0,1,0,0,0,0,1,1,1,0,1,0,0,0,0,0
tt0109831,fourweddingsandafuneral,1994,7.1,0,,0,1,0,0,0,1,0,0,0,1,1,0,0,0,0,1,0,0,0,1,1,1,1,0,0,0,0,1,1,1,0,1,0,0,0,0,1
tt0110877,thepostmanilpostino,1995,7.8,0,,0,0,0,0,0,1,0,0,1,1,1,0,0,0,0,0,0,0,0,1,0,1,1,1,1,1,0,1,0,1,1,1,0,0,0,0,1
tt0110912,pulpfiction,1994,8.9,0,8000000.0,0,0,0,0,0,1,0,0,0,1,1,0,0,0,0,0,0,0,0,1,0,0,1,0,0,1,0,1,0,0,0,1,0,0,0,0,0
tt0110932,quizshow,1994,7.5,1,31000000.0,1,0,0,0,0,1,0,0,1,0,1,0,1,0,0,0,0,0,0,1,0,0,0,1,1,1,0,1,0,1,1,1,1,1,0,0,1
tt0111161,theshawshankredemption,1994,9.3,0,25000000.0,0,0,0,0,0,0,0,0,0,0,1,0,0,0,0,0,0,0,0,1,0,0,0,0,0,0,0,1,0,0,0,1,0,0,0,0,0
tt0112384,apollo13,1995,7.7,0,62000000.0,2,0,0,0,0,1,0,1,0,0,1,0,1,0,0,0,0,0,0,1,0,1,1,0,0,1,0,1,1,1,0,1,1,1,1,1,1
tt0112431,babe,1995,6.9,0,,0,0,0,1,0,1,0,0,0,1,1,1,0,0,0,0,0,0,0,1,0,1,1,0,0,1,1,1,0,1,0,1,0,0,0,0,1
tt0112573,braveheart,1995,8.3,1,65000000.0,0,0,0,0,1,1,0,0,1,0,1,0,0,0,0,0,0,0,1,1,0,0,0,1,1,1,0,1,0,1,1,1,0,0,0,0,1
tt0114388,senseandsensibility,1995,7.7,0,,1,1,1,0,0,1,0,0,0,0,1,0,0,0,0,1,0,0,0,1,1,0,1,0,0,0,0,1,1,1,0,1,0,0,0,0,0
tt0116209,theenglishpatient,1996,7.4,1,29000000.0,0,1,1,0,1,1,0,0,0,0,1,0,0,0,0,1,0,0,1,1,1,0,1,0,0,0,0,1,1,1,0,1,0,0,0,0,0
tt0116282,fargo,1996,8.1,0,7000000.0,0,0,0,0,0,1,0,0,0,1,1,0,0,0,0,0,0,1,0,1,0,0,1,0,1,1,1,1,0,0,0,1,0,0,0,0,0
tt0116695,jerrymaguire,1996,7.3,0,50000000.0,0,0,0,0,0,1,0,0,0,1,1,0,0,0,0,1,0,0,0,1,1,1,1,0,0,0,0,1,1,1,0,1,0,0,0,0,1
tt0117589,secretslies,1996,8.0,0,4500000.0,0,0,0,0,0,1,0,0,0,1,1,0,0,0,0,0,0,0,0,1,0,1,1,0,0,0,0,1,0,1,0,1,0,0,0,0,1
tt0117631,shine,1996,7.6,0,,0,0,0,0,0,1,0,0,1,0,1,0,0,1,0,0,0,0,0,1,1,0,0,1,1,1,0,1,0,1,1,1,1,0,1,0,1
tt0118799,lifeisbeautiful,1998,8.6,0,19000000.0,0,0,0,0,0,1,0,0,0,1,1,0,0,0,0,1,0,0,0,1,1,1,1,0,0,0,0,1,1,1,0,1,0,0,0,0,1
tt0119164,thefullmonty,1997,7.2,0,3500000.0,0,0,0,0,0,1,0,0,0,1,1,0,0,0,0,0,0,0,0,1,0,1,1,0,0,0,0,1,0,1,0,1,0,0,0,0,1
tt0119217,goodwillhunting,1997,8.3,0,10000000.0,0,0,0,0,0,1,0,0,0,0,1,0,0,0,0,1,0,0,0,1,1,0,1,0,0,0,0,1,1,1,0,1,0,0,0,0,0
tt0119488,laconfidential,1997,8.2,0,,1,0,0,0,0,1,0,0,0,1,1,0,0,1,0,0,0,0,0,1,0,0,1,0,0,1,0,1,0,0,0,1,1,1,0,0,1
tt0119822,asgoodasitgets,1997,7.7,1,50000000.0,3,0,0,1,0,1,0,0,0,1,1,0,0,0,0,1,0,0,0,1,1,1,1,0,0,0,0,1,1,1,0,1,0,0,0,0,1
tt0120338,titanic,1997,7.9,1,200000000.0,1,1,1,0,1,1,0,0,0,0,1,0,0,0,0,1,0,0,0,1,1,0,1,0,0,0,0,1,1,1,0,1,0,0,0,0,0
tt0120689,thegreenmile,1999,8.6,0,60000000.0,2,0,0,0,0,1,0,0,0,1,1,1,0,0,0,0,0,0,0,1,0,0,1,0,0,1,0,1,1,0,0,1,1,1,0,0,1
tt0120737,thelordoftheringsthefellowshipofthering,2001,8.9,0,93000000.0,0,1,0,0,0,1,0,1,0,0,1,1,0,0,0,0,0,0,0,1,0,1,1,0,0,0,0,1,1,0,0,1,1,1,1,1,1
tt0120815,savingprivateryan,1998,8.6,1,70000000.0,2,0,1,0,0,1,0,0,0,0,1,0,0,0,0,0,0,0,1,1,0,0,0,0,0,0,0,1,0,0,0,1,0,0,0,0,0
tt0120863,thethinredline,1998,7.6,0,52000000.0,0,0,0,0,0,1,0,0,0,0,1,0,1,0,0,0,0,0,1,1,0,0,0,0,0,1,0,1,0,1,0,1,1,1,0,0,1
tt0124315,theciderhouserules,1999,7.4,0,24000000.0,1,0,0,0,0,1,0,0,0,0,1,0,0,0,0,1,0,0,0,1,1,0,1,0,0,0,0,1,1,1,0,1,0,0,0,0,0
tt0127536,elizabeth,1998,7.4,0,,0,0,0,0,0,1,0,0,1,0,1,0,1,0,0,0,0,0,0,1,0,0,0,1,1,1,0,1,0,1,1,1,1,1,0,0,1
tt0138097,shakespeareinlove,1998,7.1,0,25000000.0,1,1,0,1,1,1,0,0,0,1,1,0,1,0,0,0,0,0,0,1,0,1,1,0,0,1,0,1,0,1,0,1,1,1,0,0,1
tt0140352,theinsider,1999,7.8,0,90000000.0,1,0,0,0,0,1,0,0,1,0,1,0,1,0,0,0,0,0,0,1,0,0,0,1,1,1,0,1,0,1,1,1,1,1,0,0,1
tt0167260,thelordoftheringsthereturnoftheking,2003,9.0,1,94000000.0,0,1,1,0,1,1,0,1,0,0,1,1,0,0,0,0,0,0,0,1,0,1,1,0,0,0,0,1,1,0,0,1,1,1,1,1,1
tt0167261,thelordoftheringsthetwotowers,2002,8.8,0,94000000.0,0,0,0,0,0,1,0,1,0,0,1,1,0,0,0,0,0,0,0,1,0,1,1,0,0,0,0,1,1,0,0,1,1,1,1,1,1
tt0167404,thesixthsense,1999,8.2,0,40000000.0,0,0,0,0,0,1,0,0,0,0,1,0,0,1,0,0,0,1,0,1,0,0,1,0,1,1,1,1,0,0,0,1,1,1,0,0,1
tt0169547,americanbeauty,1999,8.3,1,,1,1,1,0,1,0,0,0,0,0,1,0,0,0,0,0,0,0,0,1,0,0,0,0,0,0,0,1,0,0,0,1,0,0,0,0,0
tt0172495,gladiator,2000,8.5,0,103000000.0,0,1,1,0,1,1,0,1,0,0,1,0,0,0,0,0,0,0,0,1,1,1,1,0,0,1,0,1,1,1,0,1,0,1,1,1,0
tt0181865,traffic,2000,7.5,1,,1,0,0,0,0,1,0,0,0,1,1,0,0,0,0,0,0,1,0,1,0,0,1,0,1,1,1,1,0,0,0,1,0,0,0,0,0
tt0190332,crouchingtigerhiddendragon,2000,7.9,0,15000000.0,0,0,0,0,0,1,0,1,0,0,1,0,0,0,0,0,0,0,0,1,1,1,1,0,0,1,0,1,1,1,0,1,0,1,1,1,0
tt0195685,erinbrockovich,2000,7.5,1,,0,0,0,0,0,1,0,0,1,0,1,0,0,0,0,0,0,0,0,1,0,0,0,1,1,1,0,1,0,1,1,1,0,0,0,0,1
tt0203009,moulinrouge,2001,7.6,0,50000000.0,0,0,0,1,0,1,0,0,0,0,1,0,0,1,0,1,0,0,0,1,1,0,1,0,0,1,1,1,1,1,0,1,1,0,1,0,0
tt0217505,gangsofnewyork,2002,7.5,0,97000000.0,1,0,0,0,0,1,0,0,0,1,1,0,0,0,0,0,0,0,0,1,0,0,1,0,0,1,0,1,0,0,0,1,0,0,0,0,0
tt0241303,chocolat,2000,7.2,0,,2,0,0,0,0,1,0,0,0,0,1,0,0,0,0,1,0,0,0,1,1,0,1,0,0,0,0,1,1,1,0,1,0,0,0,0,0
tt0247425,inthebedroom,2001,7.4,0,,2,0,0,0,0,1,0,0,0,1,1,0,0,0,0,0,0,0,0,1,0,0,1,0,0,1,0,1,0,0,0,1,0,0,0,0,0
tt0253474,thepianist,2002,8.5,1,35000000.0,0,1,0,0,0,1,0,0,1,0,1,0,0,1,0,0,0,0,0,1,1,0,0,1,1,1,0,1,0,1,1,1,1,0,1,0,1
tt0268978,abeautifulmind,2001,8.2,1,58000000.0,1,0,1,0,1,1,0,0,1,0,1,0,0,1,0,0,0,0,0,1,0,0,1,1,1,1,0,1,0,1,1,1,1,1,0,0,1
tt0274558,thehours,2002,7.5,0,,2,0,1,0,0,1,0,0,0,0,1,0,0,0,0,1,0,0,0,1,1,0,1,0,0,0,0,1,1,1,0,1,0,0,0,0,0
tt0280707,gosfordpark,2001,7.2,0,19800000.0,2,0,0,0,0,1,0,0,0,1,1,0,0,1,0,0,0,0,0,1,0,1,1,0,0,0,0,1,0,1,0,1,1,1,0,0,1
tt0299658,chicago,2002,7.2,0,45000000.0,0,0,0,1,1,1,0,0,0,1,0,0,0,1,0,0,0,0,0,1,1,1,1,0,0,1,1,1,0,1,0,1,1,0,1,0,1
tt0308644,findingneverland,2004,7.6,0,25000000.0,3,0,0,0,0,1,0,0,1,0,1,1,0,0,0,0,0,0,0,1,0,0,0,1,1,1,1,1,0,1,1,1,0,0,0,0,1
tt0311113,masterandcommanderthefarsideoftheworld,2003,7.5,0,150000000.0,1,0,0,0,0,1,0,1,0,0,1,0,0,0,0,0,0,0,0,1,1,1,1,0,0,1,0,1,1,1,0,1,0,1,1,1,0
tt0327056,mysticriver,2003,7.9,1,25000000.0,1,0,0,0,0,1,0,0,0,1,1,0,0,1,0,0,0,0,0,1,0,0,1,0,0,1,0,1,0,0,0,1,1,1,0,0,1
tt0329575,seabiscuit,2003,7.3,0,,1,0,0,0,0,1,0,0,0,0,1,0,1,0,0,0,1,0,0,1,0,0,0,0,0,1,0,1,0,1,1,1,1,1,0,0,1
tt0335266,lostintranslation,2003,7.7,0,4000000.0,0,0,0,1,0,1,0,0,0,1,1,0,0,0,0,0,0,0,0,1,0,1,1,0,0,0,0,1,0,1,0,1,0,0,0,0,1
tt0338751,theaviator,2004,7.5,0,110000000.0,0,1,1,0,0,1,0,0,1,0,1,0,0,0,0,0,0,0,0,1,0,0,0,1,1,1,0,1,0,1,1,1,0,0,0,0,1
tt0350258,ray,2004,7.7,0,,0,0,0,0,0,1,0,0,1,0,1,0,0,1,0,0,0,0,0,1,1,0,0,1,1,1,0,1,0,1,1,1,1,0,1,0,1
tt0361748,inglouriousbasterds,2009,8.4,0,70000000.0,0,0,0,0,0,1,0,1,0,0,1,0,0,0,0,0,0,0,1,1,0,1,1,0,0,0,0,1,1,0,0,1,0,1,1,1,0
tt0375063,sideways,2004,7.5,0,,0,0,0,1,0,1,0,0,0,1,1,0,0,0,0,1,0,0,0,1,1,1,1,0,0,0,0,1,1,1,0,1,0,0,0,0,1
tt0375679,crash,2005,7.7,0,6500000.0,0,0,0,0,1,1,0,0,0,1,1,0,0,0,0,0,0,1,0,1,0,0,1,0,1,1,1,1,0,0,0,1,0,0,0,0,0
tt0379725,capote,2005,7.3,0,,0,0,0,0,0,1,0,0,1,1,1,0,0,0,0,0,0,0,0,1,0,0,1,1,1,1,0,1,0,1,1,1,0,0,0,0,1
tt0388795,brokebackmountain,2005,7.7,1,14000000.0,0,1,1,0,0,1,0,0,0,0,1,0,0,0,0,1,0,0,0,1,1,0,1,0,0,0,0,1,1,1,0,1,0,0,0,0,0
tt0405159,milliondollarbaby,2004,8.1,1,,1,0,0,0,1,1,0,0,0,0,1,0,0,0,0,0,1,0,0,1,0,0,0,0,0,0,0,1,0,1,1,1,0,1,0,0,0
tt0407887,thedeparted,2006,8.5,1,90000000.0,3,0,0,0,1,1,0,0,0,1,1,0,0,0,0,0,0,1,0,1,0,0,1,0,1,1,1,1,0,0,0,1,0,0,0,0,0
tt0408306,munich,2005,7.5,1,,1,0,0,0,0,1,0,0,0,0,1,0,1,0,0,0,0,1,0,1,0,0,1,0,1,1,1,1,0,1,0,1,1,1,0,0,1
tt0421715,thecuriouscaseofbenjaminbutton,2008,7.8,0,,2,0,0,0,0,1,0,0,0,0,1,1,0,0,0,1,0,0,0,1,1,0,1,0,0,0,0,1,1,1,0,1,1,1,0,0,1
tt0433383,goodnightandgoodluck,2005,7.4,0,7000000.0,0,0,0,0,0,1,0,0,1,0,1,0,1,0,0,0,0,0,0,1,0,0,0,1,1,1,0,1,0,1,1,1,1,1,0,0,1
tt0435761,toystory3,2010,8.3,0,200000000.0,2,0,0,0,0,1,0,1,0,1,0,0,0,0,0,0,0,0,0,1,0,1,1,0,0,1,0,1,1,1,0,1,0,1,1,1,1
tt0436697,thequeen,2006,7.3,0,,0,1,0,0,0,1,0,0,1,0,1,0,0,0,0,0,0,0,0,1,0,0,0,1,1,1,0,1,0,1,1,1,0,0,0,0,1
tt0443272,lincoln,2012,7.3,1,65000000.0,4,0,0,0,0,1,0,0,1,0,1,0,1,0,0,0,0,0,0,1,0,0,0,1,1,1,0,1,0,1,1,1,1,1,0,0,1
tt0449059,littlemisssunshine,2006,7.8,0,8000000.0,0,0,0,0,0,1,0,0,0,1,1,0,0,0,0,0,0,0,0,1,0,1,1,0,0,0,0,1,0,1,0,1,0,0,0,0,1
tt0449467,babel,2006,7.5,0,25000000.0,1,0,1,0,0,0,0,0,0,0,1,0,0,0,0,0,0,0,0,1,0,0,0,0,0,0,0,1,0,0,0,1,0,0,0,0,0
tt0454876,lifeofpi,2012,7.9,1,,0,0,0,0,0,1,0,1,0,0,1,1,0,0,0,0,0,0,0,1,0,1,1,0,0,0,0,1,1,0,0,1,1,1,1,1,1
tt0465538,michaelclayton,2007,7.2,0,21500000.0,1,0,0,0,0,1,0,0,0,1,1,0,0,1,0,0,0,0,0,1,0,0,1,0,0,1,0,1,0,0,0,1,1,1,0,0,1
tt0467406,juno,2007,7.4,0,,0,0,0,0,0,1,0,0,0,1,1,0,0,0,0,0,0,0,0,1,0,1,1,0,0,0,0,1,0,1,0,1,0,0,0,0,1
tt0469494,therewillbeblood,2007,8.2,0,25000000.0,0,0,0,0,0,0,0,0,0,0,1,0,0,0,0,0,0,0,0,1,0,0,0,0,0,0,0,1,0,0,0,1,0,0,0,0,0
tt0477302,extremelyloudincrediblyclose,2011,6.9,0,,3,0,0,0,0,1,0,1,0,0,1,0,0,1,0,0,0,0,0,1,0,1,1,0,0,0,0,1,1,0,0,1,1,1,1,1,1
tt0477348,nocountryforoldmen,2007,8.2,0,25000000.0,1,0,0,0,1,1,0,0,0,1,1,0,0,0,0,0,0,1,0,1,0,0,1,0,1,1,1,1,0,0,0,1,0,0,0,0,0
tt0478304,thetreeoflife,2011,6.8,0,32000000.0,2,0,0,0,0,1,0,0,0,0,1,1,0,0,0,0,0,0,0,1,0,0,0,0,0,0,0,1,1,0,0,1,1,1,0,0,1
tt0498380,lettersfromiwojima,2006,7.8,1,19000000.0,0,0,0,0,0,1,0,1,0,0,1,0,0,0,0,0,0,0,0,1,1,1,1,0,0,1,0,1,1,1,0,1,0,1,1,1,0
tt0499549,avatar,2009,7.9,1,237000000.0,0,0,1,0,0,1,0,1,0,0,0,1,0,0,0,0,0,0,0,1,1,1,1,0,0,1,0,0,1,1,0,1,1,1,1,1,1
tt0783233,atonement,2007,7.8,0,,0,1,1,0,0,1,0,0,0,0,1,0,0,1,0,1,0,0,0,1,1,0,1,0,0,0,0,1,1,1,0,1,1,1,0,0,1
tt0790636,dallasbuyersclub,2013,7.9,0,,0,0,0,0,0,1,0,0,1,0,1,0,0,0,0,0,0,0,0,1,0,0,0,1,1,1,0,1,0,1,1,1,0,0,0,0,1
tt0842926,thekidsareallright,2010,7.0,0,,0,0,0,1,0,1,0,0,0,1,1,0,0,0,0,1,0,0,0,1,1,1,1,0,0,0,0,1,1,1,0,1,0,0,0,0,1
tt0870111,frostnixon,2008,7.6,1,,0,0,0,0,0,1,0,0,1,0,1,0,1,0,0,0,0,0,0,1,0,0,0,1,1,1,0,1,0,1,1,1,1,1,0,0,1
tt0878804,theblindside,2009,7.6,0,,1,0,0,0,0,1,0,0,1,0,1,0,0,0,0,0,1,0,0,1,0,0,0,1,1,1,0,1,0,1,1,1,0,1,0,0,1
tt0887912,thehurtlocker,2009,7.5,1,15000000.0,0,1,0,0,1,1,0,0,0,0,1,0,0,0,0,0,0,1,1,1,0,0,1,0,1,1,1,1,0,0,0,1,0,0,0,0,0
tt0929632,preciousbasedonthenovelpushbysapphire,2009,7.3,0,,0,0,0,0,0,0,0,0,0,0,1,0,0,0,0,0,0,0,0,1,0,0,0,0,0,0,0,1,0,0,0,1,0,0,0,0,0
tt0947798,blackswan,2010,8.0,0,13000000.0,0,0,0,0,0,1,0,0,0,0,1,0,0,0,0,0,0,1,0,1,0,0,1,0,1,1,1,1,0,0,0,1,0,0,0,0,0
tt0964517,thefighter,2010,7.8,0,,0,0,0,0,0,1,0,1,1,0,1,0,0,0,0,0,0,0,0,1,1,0,0,1,1,1,0,1,1,1,1,1,0,1,0,0,1
tt0970179,hugo,2011,7.5,1,,1,0,0,0,0,1,0,1,0,0,1,1,0,0,0,0,0,0,0,1,0,1,1,0,0,1,1,1,1,0,0,1,0,1,1,1,1
tt0976051,thereader,2008,7.6,0,,0,0,0,0,0,1,0,0,0,0,1,0,0,1,0,1,0,0,0,1,1,0,1,0,0,0,0,1,1,1,0,1,1,1,0,0,1
tt0993846,thewolfofwallstreet,2013,8.2,1,100000000.0,1,0,0,0,0,1,0,0,1,1,0,0,0,0,0,0,0,0,0,1,0,1,1,1,1,1,0,1,0,1,1,1,0,0,0,0,1
tt1010048,slumdogmillionaire,2008,8.0,0,15000000.0,0,1,1,0,1,1,0,0,0,1,1,0,0,0,0,1,0,0,0,1,1,0,1,0,0,1,0,1,1,1,0,1,0,0,0,0,0
tt1013753,milk,2008,7.5,0,,1,0,0,0,0,1,0,0,1,0,1,0,1,0,0,0,0,0,0,1,0,0,0,1,1,1,0,1,0,1,1,1,1,1,0,0,1
tt1016150,allquietonthewesternfront,2022,7.8,0,,0,1,0,0,0,1,0,0,0,0,1,0,1,0,0,0,0,0,1,1,0,0,0,0,0,1,0,1,0,1,0,1,1,1,0,0,1
tt1019452,aseriousman,2009,7.0,0,,0,0,0,0,0,1,0,0,0,1,1,0,0,0,0,0,0,0,0,1,0,1,1,0,0,0,0,1,0,1,0,1,0,0,0,0,1
tt1020072,selma,2014,7.5,0,,0,0,0,0,0,1,0,0,1,0,1,0,1,0,0,0,0,0,0,1,0,0,0,1,1,1,0,1,0,1,1,1,1,1,0,0,1
tt1024648,argo,2012,7.7,0,44500000.0,1,1,1,0,1,1,0,0,1,0,1,0,1,0,0,0,0,0,0,1,0,0,0,1,1,1,0,1,0,1,1,1,1,1,0,0,1
tt10272386,thefather,2020,8.2,0,20000000.0,2,0,0,0,0,1,0,0,0,0,1,0,0,1,0,0,0,0,0,1,0,0,1,0,0,0,0,1,0,0,0,1,1,1,0,0,1
tt10293406,thepowerofthedog,2021,6.8,1,39000000.0,0,1,1,0,0,1,0,0,0,0,1,0,0,0,0,0,0,0,1,1,0,0,1,0,0,0,0,1,1,0,0,1,1,1,0,0,0
tt1033575,thedescendants,2011,7.3,0,,1,0,1,0,0,1,0,0,0,1,1,0,0,0,0,0,0,0,0,1,0,1,1,0,0,0,0,1,0,1,0,1,0,0,0,0,1
tt10366460,coda,2021,8.0,0,10000000.0,1,0,0,0,1,1,0,0,0,1,1,0,0,1,0,0,0,0,0,1,1,1,1,0,0,1,0,1,0,1,0,1,1,0,1,0,1
tt1045658,silverliningsplaybook,2012,7.7,0,21000000.0,2,0,0,0,0,1,0,0,0,1,1,0,0,0,0,1,0,0,0,1,1,1,1,0,0,0,0,1,1,1,0,1,0,0,0,0,1
tt1049413,up,2009,8.3,0,175000000.0,0,0,0,0,0,1,0,1,0,1,0,0,0,0,0,0,0,0,0,1,0,1,1,0,0,1,0,1,1,1,0,1,0,1,1,1,1
tt10618286,mank,2020,6.8,0,,1,0,0,0,0,1,0,0,1,0,1,0,0,0,0,0,0,0,0,1,0,0,0,1,1,1,0,1,0,1,1,1,0,0,0,0,1
tt10633456,minari,2020,7.4,0,2000000.0,0,0,0,0,0,0,0,0,0,0,1,0,0,0,0,0,0,0,0,1,0,0,0,0,0,0,0,1,0,0,0,1,0,0,0,0,0
tt1065073,boyhood,2014,7.9,0,4000000.0,0,1,1,0,0,0,0,0,0,0,1,0,0,0,0,0,0,0,0,1,0,0,0,0,0,0,0,1,0,0,0,1,0,0,0,0,0
tt1070874,thetrialofthechicago7,2020,7.7,0,,2,0,0,0,0,1,0,0,0,0,1,0,1,0,0,0,0,1,0,1,0,0,1,0,1,1,1,1,0,1,0,1,1,1,0,0,1
tt11271038,licoricepizza,2021,7.1,0,,2,0,0,0,0,1,0,0,0,1,1,0,0,0,0,1,0,0,0,1,1,1,1,0,0,0,0,1,1,1,0,1,0,0,0,0,1
tt11286314,dontlookup,2021,7.2,0,75000000.0,8,0,0,0,0,1,1,0,0,1,1,1,0,0,0,0,1,0,0,1,1,1,1,0,0,1,0,1,0,1,0,1,0,0,0,0,1
tt1136608,district9,2009,7.9,0,30000000.0,0,0,0,0,0,1,1,1,0,0,0,1,0,0,0,0,1,1,0,0,1,0,1,0,1,1,1,0,1,1,0,1,0,1,0,0,0
tt11563598,acompleteunknown,2024,7.4,0,65000000.0,0,0,0,0,0,1,0,0,1,0,1,0,0,1,0,0,0,0,0,1,1,0,0,1,1,1,0,1,0,1,1,1,1,0,1,0,1
tt1160419,dune,2021,8.0,0,165000000.0,1,0,0,0,0,1,0,1,0,0,1,0,0,0,0,0,0,0,0,1,1,1,1,0,0,1,0,1,1,1,0,1,0,1,1,1,0
tt1174732,aneducation,2009,7.2,0,,0,0,0,0,0,0,0,0,0,0,1,0,0,0,0,0,0,0,0,1,0,0,0,0,0,0,0,1,0,0,0,1,0,0,0,0,0
tt11813216,thebansheesofinisherin,2022,7.7,0,20000000.0,0,1,0,1,0,1,0,0,0,1,1,0,0,0,0,0,0,0,0,1,0,1,1,0,0,0,0,1,0,1,0,1,0,0,0,0,1
tt1193138,upintheair,2009,7.4,0,25000000.0,1,0,0,0,0,1,0,0,0,1,1,0,0,0,0,1,0,0,0,1,1,1,1,0,0,0,0,1,1,1,0,1,0,0,0,0,1
tt1210166,moneyball,2011,7.6,0,50000000.0,1,0,0,0,0,1,0,0,1,0,1,0,0,0,0,0,1,0,0,1,0,0,0,1,1,1,0,1,0,1,1,1,0,1,0,0,1
tt1262426,wicked,2024,7.5,0,145000000.0,1,0,0,0,0,1,0,0,0,0,0,1,0,1,0,1,0,0,0,1,1,0,1,0,0,1,1,1,1,1,0,0,1,1,1,0,1
tt12789558,belfast,2021,7.2,0,,1,0,0,0,0,1,0,0,1,0,1,0,0,0,0,1,0,0,0,1,1,0,1,1,1,1,0,1,1,1,1,1,0,0,0,0,1
tt1285016,thesocialnetwork,2010,7.8,0,40000000.0,0,0,1,0,0,1,0,0,1,0,1,0,0,0,0,0,0,0,0,1,0,0,0,1,1,1,0,1,0,1,1,1,0,0,0,0,1
tt1302006,theirishman,2019,7.8,1,,5,0,0,0,0,1,0,0,1,1,1,0,0,0,0,0,0,0,0,1,0,0,1,1,1,1,0,1,0,1,1,1,0,0,0,0,1
tt13238346,pastlives,2023,7.8,0,,0,0,0,0,0,1,0,0,0,0,1,0,0,0,0,1,0,0,0,1,1,0,1,0,0,0,0,1,1,1,0,1,0,0,0,0,0
tt13669038,womentalking,2022,6.9,0,,3,0,0,0,0,0,0,0,0,0,1,0,0,0,0,0,0,0,0,1,0,0,0,0,0,0,0,1,0,0,0,1,0,0,0,0,0
tt1375666,inception,2010,8.8,0,160000000.0,1,0,0,0,0,1,1,1,0,0,0,1,0,0,0,0,1,0,0,0,1,1,1,0,0,1,0,0,1,1,0,1,0,1,1,1,0
tt1392190,madmaxfuryroad,2015,8.1,0,150000000.0,1,0,0,0,0,1,1,1,0,0,0,1,0,0,0,0,1,0,0,0,1,1,1,0,0,1,0,0,1,1,0,1,0,1,1,1,0
tt1399683,wintersbone,2010,7.1,0,,0,0,0,0,0,1,0,0,0,1,1,0,0,1,0,0,0,0,0,1,0,0,1,0,0,1,0,1,0,0,0,1,1,1,0,0,1
tt1403865,truegrit,2010,7.6,0,38000000.0,1,0,0,0,0,1,0,0,0,0,1,0,0,0,0,0,0,0,1,1,0,0,1,0,0,0,0,1,1,0,0,1,1,1,0,0,0
tt14039582,drivemycar,2021,7.5,0,,0,0,0,0,0,0,0,0,0,0,1,0,0,0,0,0,0,0,0,1,0,0,0,0,0,0,0,1,0,0,0,1,0,0,0,0,0
tt14208870,thefabelmans,2022,7.5,1,40000000.0,0,0,1,0,0,0,0,0,0,0,1,0,0,0,0,0,0,0,0,1,0,0,0,0,0,0,0,1,0,0,0,1,0,0,0,0,0
tt14230458,poorthings,2023,7.8,0,35000000.0,1,0,0,1,0,1,0,0,0,1,1,0,0,0,0,1,0,0,0,1,1,1,1,0,0,0,0,1,1,1,0,1,0,0,0,0,1
tt14444726,tr,2022,7.4,0,,2,0,0,0,0,1,0,0,0,0,1,0,0,1,0,0,0,0,0,1,1,0,0,0,0,1,0,1,0,0,0,1,1,0,1,0,0
tt1454029,thehelp,2011,8.1,0,25000000.0,0,0,0,0,0,0,0,0,0,0,1,0,0,0,0,0,0,0,0,1,0,0,0,0,0,0,0,1,0,0,0,1,0,0,0,0,0
tt1454468,gravity,2013,7.7,1,100000000.0,2,0,0,0,0,1,1,0,0,0,1,1,0,0,0,0,1,1,0,1,1,0,1,0,1,1,1,1,0,0,0,1,0,0,0,0,0
tt14849194,theholdovers,2023,7.9,0,,0,0,0,0,0,1,0,0,0,1,1,0,0,0,0,0,0,0,0,1,0,1,1,0,0,0,0,1,0,1,0,1,0,0,0,0,1
tt14961016,imstillhere,2024,8.3,0,,0,0,0,0,0,1,0,0,1,0,1,0,1,0,0,0,0,0,0,1,0,0,0,1,1,1,0,1,0,1,1,1,1,1,0,0,1
tt1504320,thekingsspeech,2010,8.0,1,,1,1,0,0,1,1,0,0,1,0,1,0,1,0,0,0,0,0,0,1,0,0,0,1,1,1,0,1,0,1,1,1,1,1,0,0,1
tt1517268,barbie,2023,6.8,0,145000000.0,0,0,0,0,0,1,0,1,0,1,0,1,0,0,0,0,0,0,0,1,0,1,1,0,0,0,0,1,1,1,0,1,1,1,1,1,1
tt1517451,astarisborn,2018,7.6,0,36000000.0,0,0,0,0,0,1,0,0,0,0,1,0,0,1,0,1,0,0,0,1,1,0,1,0,0,1,0,1,1,1,0,1,1,0,1,0,0
tt15239678,duneparttwo,2024,8.5,0,190000000.0,2,0,0,0,0,1,0,1,0,0,1,0,0,0,0,0,0,0,0,1,1,1,1,0,0,1,0,1,1,1,0,1,0,1,1,1,0
tt1535109,captainphillips,2013,7.8,0,55000000.0,2,0,0,0,0,1,0,1,1,1,0,0,0,0,0,0,0,0,0,1,1,0,1,1,1,1,0,1,1,1,1,1,0,1,0,0,1
tt15398776,oppenheimer,2023,8.3,1,100000000.0,0,1,1,0,1,1,0,0,1,0,1,0,1,0,0,0,0,0,0,1,0,0,0,1,1,1,0,1,0,1,1,1,1,1,0,0,1
tt1542344,127hours,2010,7.5,1,18000000.0,0,0,0,0,0,1,0,0,1,0,1,0,0,0,0,0,0,0,0,1,0,0,0,1,1,1,0,1,0,1,1,1,0,0,0,0,1
tt1568911,warhorse,2011,7.2,1,66000000.0,0,0,0,0,0,1,0,1,0,0,1,0,0,0,0,0,0,0,1,1,0,1,1,0,0,0,0,1,1,0,0,1,0,1,1,1,0
tt1596363,thebigshort,2015,7.8,0,28000000.0,1,0,0,0,0,1,0,0,1,1,1,0,0,0,0,0,0,0,0,1,0,1,1,1,1,1,0,1,0,1,1,1,0,0,0,0,1
tt1602620,amour,2012,7.9,0,8900000.0,0,0,0,0,0,0,0,0,0,0,1,0,0,0,0,0,0,0,0,1,0,0,0,0,0,0,0,1,0,0,0,1,0,0,0,0,0
tt1605783,midnightinparis,2011,7.6,1,17000000.0,1,0,0,0,0,1,0,0,0,1,0,1,0,0,0,1,0,0,0,1,1,1,1,0,0,0,0,1,1,1,0,0,1,1,0,0,1
tt1630029,avatarthewayofwater,2022,7.5,1,250000000.0,1,0,0,0,0,1,0,1,0,0,0,1,0,0,0,0,0,0,0,1,1,1,1,0,0,1,0,0,1,1,0,1,1,1,1,1,1
tt1655442,theartist,2011,7.8,1,15000000.0,0,1,0,1,1,1,0,0,0,1,1,0,0,0,0,1,0,0,0,1,1,1,1,0,0,0,0,1,1,1,0,1,0,0,0,0,1
tt1663202,therevenant,2015,8.0,1,135000000.0,0,1,1,0,0,1,0,1,0,0,1,0,0,0,0,0,0,0,1,1,0,1,1,0,0,0,0,1,1,0,0,1,1,1,1,1,0
tt17009710,anatomyofafall,2023,7.6,0,6200000.0,0,0,0,0,0,1,0,0,0,1,1,0,0,0,0,0,0,1,0,1,0,0,1,0,1,1,1,1,0,0,0,1,0,0,0,0,0
tt1707386,lesmisrables,2012,7.5,1,61000000.0,1,0,0,1,0,1,0,0,0,0,1,0,0,1,0,1,0,0,0,1,1,0,1,0,0,1,1,1,1,1,0,1,1,0,1,0,0
tt1727824,bohemianrhapsody,2018,7.9,0,,0,0,1,0,0,1,0,0,1,0,1,0,0,1,0,0,0,0,0,1,1,0,0,1,1,1,0,1,0,1,1,1,1,0,1,0,1
tt1745960,topgunmaverick,2022,8.2,0,152000000.0,1,0,0,0,0,1,0,1,0,0,1,0,0,0,0,0,0,0,0,1,1,0,0,0,0,1,0,1,1,1,0,1,0,1,0,0,0
tt17526714,thesubstance,2024,7.3,0,17500000.0,0,0,0,0,0,1,1,0,0,0,1,1,1,0,0,0,1,0,0,1,1,0,0,0,0,1,0,1,0,1,0,1,0,0,0,0,0
tt1790885,zerodarkthirty,2012,7.4,1,,0,0,0,0,0,1,0,0,0,0,1,0,1,0,0,0,0,1,0,1,0,0,1,0,1,1,1,1,0,1,0,1,1,1,0,0,1
tt1798709,her,2013,8.0,0,23000000.0,0,0,0,0,0,1,1,0,0,0,1,1,0,0,0,1,1,0,0,1,1,0,1,0,0,1,0,1,1,1,0,1,0,0,0,0,0
tt1800241,americanhustle,2013,7.2,0,40000000.0,2,0,0,1,0,1,0,0,0,1,1,0,0,0,0,0,0,0,0,1,0,0,1,0,0,1,0,1,0,0,0,1,0,0,0,0,0
tt1821549,nebraska,2013,7.7,0,12000000.0,0,0,0,0,0,0,0,0,0,0,1,0,0,0,0,0,0,0,0,1,0,0,0,0,0,0,0,1,0,0,0,1,0,0,0,0,0
tt1825683,blackpanther,2018,7.3,0,200000000.0,1,0,0,0,0,1,1,1,0,0,0,1,0,0,0,0,1,0,0,0,1,1,1,0,0,1,0,0,1,1,0,1,0,1,1,1,0
tt1853728,djangounchained,2012,8.5,0,100000000.0,2,0,0,0,0,0,0,0,0,0,0,0,0,0,0,0,0,0,1,0,0,0,1,0,0,0,0,0,1,0,0,1,1,1,0,0,0
tt1895587,spotlight,2015,8.1,0,20000000.0,0,0,0,0,1,1,0,0,1,1,1,0,0,0,0,0,0,0,0,1,0,0,1,1,1,1,0,1,0,1,1,1,0,0,0,0,1
tt1950186,fordvferrari,2019,8.1,0,97600000.0,1,0,0,0,0,1,0,1,1,0,1,0,0,0,0,0,0,0,0,1,1,0,0,1,1,1,0,1,1,1,1,1,0,1,0,0,1
tt20215234,conclave,2024,7.4,0,20000000.0,0,1,0,0,0,1,0,0,0,0,1,0,0,0,0,0,0,1,0,1,0,0,1,0,1,1,1,1,0,0,0,1,0,0,0,0,0
tt20221436,emiliaprez,2024,5.4,0,25000000.0,0,0,0,0,0,1,0,0,0,1,1,0,0,1,0,0,0,0,0,1,1,0,1,0,0,1,1,1,0,0,0,1,1,0,1,0,0
tt2024544,12yearsaslave,2013,8.1,0,20000000.0,0,1,1,0,1,1,0,0,1,0,1,0,1,0,0,0,0,0,0,1,0,0,0,1,1,1,0,1,0,1,1,1,1,1,0,0,1
tt2084970,theimitationgame,2014,8.0,0,14000000.0,0,0,0,0,0,1,0,0,1,0,1,0,0,0,0,0,0,1,0,1,0,0,1,1,1,1,1,1,0,1,1,1,0,0,0,0,1
tt2119532,hacksawridge,2016,8.1,1,40000000.0,0,0,0,0,0,1,0,0,1,0,1,0,1,0,0,0,0,0,0,1,0,0,0,1,1,1,0,1,0,1,1,1,1,1,0,0,1
tt2125435,beastsofthesouthernwild,2012,7.2,0,,0,0,0,0,0,1,0,1,0,0,1,1,0,0,0,0,0,0,0,1,0,1,1,0,0,0,0,1,1,0,0,1,1,1,1,1,1
tt2179136,americansniper,2014,7.3,1,58800000.0,0,0,0,0,0,1,0,1,1,0,1,0,0,0,0,0,0,0,0,1,1,0,0,1,1,1,0,1,1,1,1,1,0,1,0,0,1
tt21970768,maestro,2023,5.8,0,,0,0,0,0,0,0,0,0,0,0,1,0,0,0,0,0,0,0,0,1,0,0,0,0,0,0,0,1,0,0,0,1,0,0,0,0,0
tt2278388,thegrandbudapesthotel,2014,8.1,0,25000000.0,2,0,0,1,0,1,0,0,0,1,1,0,0,0,0,0,0,0,0,1,0,1,1,0,0,0,0,1,0,1,0,1,0,0,0,0,1
tt23055660,nickelboys,2024,7.0,0,23200000.0,0,0,0,0,0,0,0,0,0,0,1,0,0,0,0,0,0,0,0,1,0,0,0,0,0,0,0,1,0,0,0,1,0,0,0,0,0
tt23561236,americanfiction,2023,7.5,0,,0,0,0,0,0,1,0,0,0,1,1,0,0,0,0,0,0,0,0,1,0,1,1,0,0,0,0,1,0,1,0,1,0,0,0,0,1
tt2381111,brooklyn,2015,7.5,0,11000000.0,1,0,0,0,0,1,0,0,0,0,1,0,0,0,0,1,0,0,0,1,1,0,1,0,0,0,0,1,1,1,0,1,0,0,0,0,0
tt2431286,philomena,2013,7.6,0,12000000.0,1,0,0,0,0,1,0,0,1,1,1,0,0,0,0,0,0,0,0,1,0,1,1,1,1,1,0,1,0,1,1,1,0,0,0,0,1
tt2543164,arrival,2016,7.9,0,47000000.0,1,0,0,0,0,1,1,0,0,0,1,1,0,1,0,0,1,0,0,1,1,0,1,0,0,1,0,1,0,0,0,1,1,1,0,0,1
tt2562232,birdmanortheunexpectedvirtueofignorance,2014,7.7,1,18000000.0,0,0,0,0,1,1,0,0,0,1,1,0,0,0,0,0,0,0,0,1,0,1,1,0,0,0,0,1,0,1,0,1,0,0,0,0,1
tt2582782,hellorhighwater,2016,7.6,0,12000000.0,1,0,0,0,0,1,0,0,0,1,1,0,0,0,0,0,0,1,0,1,0,0,1,0,1,1,1,1,0,0,0,1,0,0,0,0,0
tt2582802,whiplash,2014,8.5,0,3300000.0,0,0,0,0,0,1,0,0,0,0,1,0,0,1,0,0,0,0,0,1,1,0,0,0,0,1,0,1,0,0,0,1,1,0,1,0,0
tt2584384,jojorabbit,2019,7.9,0,14000000.0,1,0,0,0,0,1,0,0,0,1,1,0,0,0,0,0,0,0,1,1,0,1,1,0,0,0,0,1,0,1,0,1,0,0,0,0,1
tt2671706,fences,2016,7.2,0,24000000.0,2,0,0,0,0,0,0,0,0,0,1,0,0,0,0,0,0,0,0,1,0,0,0,0,0,0,0,1,0,0,0,1,0,0,0,0,0
tt28607951,anora,2024,7.5,1,,0,0,0,0,1,1,0,0,0,1,1,0,0,0,0,1,0,0,0,1,1,1,1,0,0,0,0,1,1,1,0,1,0,0,0,0,1
tt2980516,thetheoryofeverything,2014,7.7,0,15000000.0,0,0,0,0,0,1,0,0,1,0,1,0,0,0,0,1,0,0,0,1,1,0,1,1,1,1,0,1,1,1,1,1,0,0,0,0,1
tt3170832,room,2015,8.1,0,6000000.0,0,0,0,0,0,1,0,0,0,0,1,0,0,0,0,0,0,1,0,1,0,0,1,0,1,1,1,1,0,0,0,1,0,0,0,0,0
tt3281548,littlewomen,2019,7.8,0,40000000.0,0,0,0,0,0,1,0,0,0,0,1,0,0,0,0,1,0,0,0,1,1,0,1,0,0,0,0,1,1,1,0,1,0,0,0,0,0
tt3581652,westsidestory,2021,7.1,1,100000000.0,1,0,0,1,0,1,0,0,0,1,1,0,0,1,0,0,0,0,0,1,1,0,1,0,0,1,1,1,0,0,0,1,1,0,1,0,0
tt3659388,themartian,2015,8.0,0,108000000.0,0,0,0,1,0,1,1,1,0,0,1,1,0,0,0,0,1,0,0,1,1,1,1,0,0,1,0,1,1,0,0,1,0,1,1,1,0
tt3682448,bridgeofspies,2015,7.6,1,40000000.0,2,0,0,0,0,1,0,0,0,0,1,0,1,0,0,0,0,1,0,1,0,0,1,0,1,1,1,1,0,1,0,1,1,1,0,0,1
tt3704428,elvis,2022,7.3,0,85000000.0,2,0,0,0,0,1,0,0,1,0,1,0,0,1,0,0,0,0,0,1,1,0,0,1,1,1,0,1,0,1,1,1,1,0,1,0,1
tt3741834,lion,2016,8.0,0,12000000.0,1,0,0,0,0,1,0,0,1,0,1,0,0,0,0,0,0,0,0,1,0,0,0,1,1,1,0,1,0,1,1,1,0,0,0,0,1
tt3783958,lalaland,2016,8.0,1,30000000.0,1,1,0,1,0,1,0,0,0,1,1,0,0,1,0,0,0,0,0,1,1,1,1,0,0,1,0,1,0,1,0,1,1,0,1,0,1
tt4034228,manchesterbythesea,2016,7.8,0,8500000.0,0,0,0,0,0,0,0,0,0,0,1,0,0,0,0,0,0,0,0,1,0,0,0,0,0,0,0,1,0,0,0,1,0,0,0,0,0
tt4555426,darkesthour,2017,7.4,0,30000000.0,0,0,0,0,0,1,0,0,1,0,1,0,1,0,0,0,0,0,0,1,0,0,0,1,1,1,0,1,0,1,1,1,1,1,0,0,1
tt4846340,hiddenfigures,2016,7.8,0,25000000.0,1,0,0,0,0,1,0,0,1,0,1,0,1,0,0,0,0,0,0,1,0,0,0,1,1,1,0,1,0,1,1,1,1,1,0,0,1
tt4925292,ladybird,2017,7.4,0,10000000.0,0,0,0,1,0,1,0,0,0,1,1,0,0,0,0,0,0,0,0,1,0,1,1,0,0,0,0,1,0,1,0,1,0,0,0,0,1
tt4975722,moonlight,2016,7.4,0,1500000.0,0,0,1,0,1,0,0,0,0,0,1,0,0,0,0,0,0,0,0,1,0,0,0,0,0,0,0,1,0,0,0,1,0,0,0,0,0
tt5013056,dunkirk,2017,7.8,0,100000000.0,1,0,0,0,0,1,0,1,0,0,1,0,1,0,0,0,0,0,0,1,1,0,0,0,0,1,0,1,1,1,0,1,1,1,0,0,1
tt5027774,threebillboardsoutsideebbingmissouri,2017,8.1,0,12000000.0,1,1,1,0,0,1,0,0,0,1,1,0,0,0,0,0,0,0,0,1,0,1,1,0,0,1,0,1,0,1,0,1,0,0,0,0,1
tt5052448,getout,2017,7.8,0,4500000.0,0,0,0,0,0,1,0,0,0,0,0,0,1,1,0,0,0,1,0,0,0,0,1,0,1,1,1,0,0,1,0,1,1,1,0,0,1
tt5083738,thefavourite,2018,7.5,0,,2,0,0,0,0,1,0,0,1,1,1,0,0,0,0,0,0,0,0,1,0,1,1,1,1,1,0,1,0,1,1,1,0,0,0,0,1
tt5363618,soundofmetal,2020,7.7,0,,0,0,0,0,0,1,0,0,0,0,1,0,0,1,0,0,0,0,0,1,1,0,0,0,0,1,0,1,0,0,0,1,1,0,1,0,0
tt5537002,killersoftheflowermoon,2023,7.6,1,200000000.0,4,0,0,0,0,1,0,0,0,1,1,0,1,0,0,0,0,0,0,1,0,0,1,0,0,1,0,1,0,1,0,1,1,1,0,0,1
tt5580390,theshapeofwater,2017,7.3,1,19500001.0,1,0,0,0,1,1,0,0,0,0,1,1,0,0,0,1,0,0,0,1,1,0,1,0,0,0,0,1,1,1,0,1,1,1,0,0,1
tt5726616,callmebyyourname,2017,7.8,0,3500000.0,0,0,0,0,0,1,0,0,0,0,1,0,0,0,0,1,0,0,0,1,1,0,1,0,0,0,0,1,1,1,0,1,0,0,0,0,0
tt5776858,phantomthread,2017,7.4,0,35000000.0,2,0,0,0,0,1,0,0,0,0,1,0,0,0,0,1,0,0,0,1,1,0,1,0,0,0,0,1,1,1,0,1,0,0,0,0,0
tt6155172,roma,2018,7.6,1,15000000.0,0,1,0,0,0,0,0,0,0,0,1,0,0,0,0,0,0,0,0,1,0,0,0,0,0,0,0,1,0,0,0,1,0,0,0,0,0
tt6266538,vice,2018,7.2,0,,2,0,0,0,0,1,0,0,1,1,1,0,0,0,0,0,0,0,0,1,0,1,1,1,1,1,0,1,0,1,1,1,0,0,0,0,1
tt6294822,thepost,2017,7.2,1,,5,0,0,0,0,1,0,0,1,0,1,0,1,0,0,0,0,0,0,1,0,0,0,1,1,1,0,1,0,1,1,1,1,1,0,0,1
tt6710474,everythingeverywhereallatonce,2022,7.8,1,25000000.0,0,0,0,0,1,1,0,1,0,1,0,0,0,0,0,0,0,0,0,0,1,1,1,0,0,1,0,1,1,1,0,1,0,1,1,1,1
tt6751668,parasite,2019,8.5,1,13200000.0,0,0,0,0,1,1,0,0,0,0,1,0,0,0,0,0,0,1,0,1,0,0,1,0,1,1,1,1,0,0,0,1,0,0,0,0,0
tt6966692,greenbook,2018,8.2,0,23000000.0,1,0,0,1,1,1,0,0,1,1,1,0,0,0,0,0,0,0,0,1,0,1,1,1,1,1,0,1,0,1,1,1,0,0,0,0,1
tt7131622,onceuponatimeinhollywood,2019,7.6,0,,1,0,0,1,0,1,0,0,0,1,1,0,0,0,0,0,0,0,0,1,0,1,1,0,0,0,0,1,0,1,0,1,0,0,0,0,1
tt7160372,thezoneofinterest,2023,7.3,0,,0,0,0,0,0,1,0,0,0,0,1,0,1,0,0,0,0,0,1,1,0,0,0,0,0,1,0,1,0,1,0,1,1,1,0,0,1
tt7286456,joker,2019,8.3,0,55000000.0,2,0,0,0,0,1,0,0,0,1,1,0,0,0,0,0,0,1,0,1,0,0,1,0,1,1,1,1,0,0,0,1,0,0,0,0,0
tt7322224,triangleofsadness,2022,7.3,0,12500000.0,0,0,0,0,0,1,0,0,0,1,1,0,0,0,0,0,0,0,0,1,0,1,1,0,0,0,0,1,0,1,0,1,0,0,0,0,1
tt7349662,blackkklansman,2018,7.5,0,,0,0,0,0,0,1,0,0,1,1,0,0,0,0,0,0,0,0,0,1,0,1,1,1,1,1,0,1,0,1,1,1,0,0,0,0,1
tt7653254,marriagestory,2019,7.9,0,18000000.0,0,0,0,0,0,1,0,0,0,0,1,0,0,0,0,1,0,0,0,1,1,0,1,0,0,0,0,1,1,1,0,1,0,0,0,0,0
tt7740496,nightmarealley,2021,7.0,1,,3,0,0,0,0,1,0,0,0,1,1,0,0,0,0,0,0,1,0,1,0,0,1,0,1,1,1,1,0,0,0,1,0,0,0,0,0
tt8579674,1917,2019,8.2,1,95000000.0,1,1,1,0,0,1,0,1,0,0,1,0,0,0,0,0,0,0,1,1,1,0,0,0,0,1,0,1,1,1,0,1,0,1,0,0,0
tt8999762,thebrutalist,2024,7.4,0,9600000.0,1,0,1,0,0,0,0,0,0,0,1,0,0,0,0,0,0,0,0,1,0,0,0,0,0,0,0,1,0,0,0,1,0,0,0,0,0
tt9620288,kingrichard,2021,7.5,0,,0,0,0,0,0,1,0,0,1,0,1,0,0,0,0,0,1,0,0,1,0,0,0,1,1,1,0,1,0,1,1,1,0,1,0,0,1
tt9620292,promisingyoungwoman,2020,7.5,0,10000000.0,0,0,0,0,0,1,0,0,0,1,1,0,0,1,0,0,0,0,0,1,0,0,1,0,0,1,0,1,0,0,0,1,1,1,0,0,1
tt9770150,nomadland,2020,7.3,1,5000000.0,2,1,1,0,1,0,0,0,0,0,1,0,0,0,0,0,0,0,0,1,0,0,0,0,0,0,0,1,0,0,0,1,0,0,0,0,0
tt9784798,judasandtheblackmessiah,2020,7.4,0,,0,0,0,0,0,1,0,0,1,0,1,0,1,0,0,0,0,0,0,1,0,0,0,1,1,1,0,1,0,1,1,1,1,1,0,0,1
