tconst,film,year_film,averageRating,dir_won_before,budget,nb_actor_won_before,won_bafta,won_gg_drama,won_gg_comedy,winner,runtimeMinutes,Action,Adventure,Animation,Biography,Comedy,Crime,Drama,Family,Fantasy,Film-Noir,History,Horror,Music,Musical,Mystery,Romance,Sci-Fi,Sport,Thriller,War,Western
tt0018379,7thheaven,1927,-0.04686073424364897,0,-0.8015530556949281,-0.6733845901952854,0,0,0,0,-0.5884337139694439,0,0,0,0,0,0,1,0,0,0,0,0,0,0,0,1,0,0,0,0,0
tt0018578,wings,1927,-0.04686073424364897,0,-0.8015530556949281,-0.6733845901952854,0,0,0,1,0.6326353075070545,1,0,0,0,0,0,1,0,0,0,0,0,0,0,0,1,0,0,0,0,0
tt0019257,thepatriot,1928,-2.4328531194828766,0,-0.9377157375662403,1.2905198709470507,0,0,0,0,-0.48069232972151754,0,0,0,0,0,0,1,0,0,0,1,0,0,0,0,0,0,0,1,0,0
tt0019304,theracket,1927,-1.5807129818974384,0,-0.8015530556949281,-0.6733845901952854,0,0,0,0,-1.522192377451472,0,0,0,0,0,1,1,0,0,1,0,0,0,0,0,0,0,0,0,0,0
tt0019630,alibi,1928,-3.2849932570683147,0,-0.9377157375662403,-0.6733845901952854,0,0,0,0,-1.2707958142063107,1,0,0,0,0,1,0,0,0,0,0,0,0,0,0,1,0,0,0,0,0
tt0019729,thebroadwaymelody,1928,-3.4554212845854018,0,-0.9377157375662403,-0.6733845901952854,0,0,0,1,-0.9475716614625317,0,0,0,0,0,0,1,0,0,0,0,0,0,1,0,1,0,0,0,0,0
tt0019823,disraeli,1929,-2.4328531194828766,0,-1.113259937057723,-0.6733845901952854,0,0,0,0,-1.3067096089556194,0,0,0,1,0,0,1,0,0,0,1,0,0,0,0,0,0,0,0,0,0
tt0019993,hollywoodrevue,1928,-3.1145652295512263,0,-0.9377157375662403,-0.6733845901952854,0,0,0,0,0.12984218101673164,0,0,0,0,1,0,0,0,0,0,0,0,1,0,0,0,0,0,0,0,0
tt0020018,inoldarizona,1928,-3.4554212845854018,0,-0.9377157375662403,-0.6733845901952854,0,0,0,0,-1.1271406352090756,0,0,0,0,0,0,1,0,0,0,0,0,0,0,0,0,0,0,0,0,1
tt0020112,theloveparade,1929,-0.8990008718290872,0,-1.113259937057723,-0.6733845901952854,0,0,0,0,-0.6961750982173702,0,0,0,0,1,0,0,0,0,0,0,0,0,1,0,1,0,0,0,0,0
tt0020629,allquietonthewesternfront,1929,0.9757074308588762,1,-1.113259937057723,-0.6733845901952854,0,0,0,1,0.9199456655015248,0,0,0,0,0,0,1,0,0,0,0,0,0,0,0,0,0,0,0,1,0
tt0020686,thebighouse,1929,-0.7285728443120001,0,-1.113259937057723,-0.6733845901952854,0,0,0,0,-1.4144509932035458,0,0,0,0,0,1,1,0,0,0,0,0,0,0,0,0,0,0,1,0,0
tt0020827,thedivorcee,1929,-1.4102849543803497,0,-1.113259937057723,-0.6733845901952854,0,0,0,0,-1.522192377451472,0,0,0,0,0,0,1,0,0,0,0,0,0,0,0,1,0,0,0,0,0
tt0021622,arrowsmith,1931,-2.2624250919657882,0,-1.6142275469024407,-0.6733845901952854,0,0,0,0,-0.6602613034680614,0,0,0,0,0,0,1,0,0,0,0,0,0,0,0,0,0,0,0,0,0
tt0021635,badgirl,1931,-1.9215690369316125,1,-1.6142275469024407,-0.6733845901952854,0,0,0,0,-1.3067096089556194,0,0,0,0,0,0,1,0,0,0,0,0,0,0,0,1,0,0,0,0,0
tt0021730,thechamp,1931,-0.5581448167949116,0,-1.6142275469024407,-0.6733845901952854,0,0,0,0,-1.4503647879528545,0,0,0,0,0,0,1,1,0,0,0,0,0,0,0,0,0,1,0,0,0
tt0021746,cimarron,1930,-2.944137202034139,0,-1.396002521296602,-0.6733845901952854,0,0,0,1,-0.12155438222842979,0,0,0,0,0,0,1,0,0,0,0,0,0,0,0,0,0,0,0,0,1
tt0021826,eastlynne,1930,-3.1145652295512263,1,-1.396002521296602,-0.6733845901952854,0,0,0,0,-0.8757440719639141,0,0,0,0,0,0,1,0,0,0,0,0,0,0,0,1,0,0,0,0,0
tt0021873,fivestarfinal,1931,-0.38771678927782455,0,-1.939170362198528,-0.6733845901952854,0,0,0,0,-1.3426234037049283,0,0,0,0,0,1,1,0,0,0,0,0,0,0,0,0,0,0,0,0,0
tt0021890,thefrontpage,1930,-1.4102849543803497,1,-1.396002521296602,-0.6733845901952854,0,0,0,0,-0.9116578667132229,0,0,0,0,1,1,1,0,0,0,0,0,0,0,0,0,0,0,0,0,0
tt0022074,thesmilinglieutenant,1931,-0.7285728443120001,0,-1.6142275469024407,-0.6733845901952854,0,0,0,0,-1.1989682247076932,0,0,0,0,1,0,0,0,0,0,0,0,0,1,0,1,0,0,0,0,0
tt0022397,skippy,1930,-2.091997064448701,1,-1.396002521296602,-0.6733845901952854,0,0,0,0,-1.4862785827021634,0,0,0,0,1,0,1,1,0,0,0,0,0,0,0,0,0,0,0,0,0
tt0022495,traderhorn,1930,-2.4328531194828766,0,-1.396002521296602,-0.6733845901952854,0,0,0,0,-0.15746817697773857,1,1,0,0,0,0,1,0,0,0,0,0,0,0,0,0,0,0,0,0,0
tt0022879,afarewelltoarms,1932,-1.9215690369316125,1,-1.6142275469024407,0.3085676403758826,0,0,0,0,-1.6658475564487072,0,0,0,0,0,0,1,0,0,0,0,0,0,0,0,1,0,0,0,1,0
tt0022958,grandhotel,1931,-0.38771678927782455,0,-1.6142275469024407,0.3085676403758826,0,0,0,1,-0.5166061244708263,0,0,0,0,0,0,1,0,0,0,0,0,0,0,0,1,0,0,0,0,0
tt0023042,iamafugitivefromachaingang,1932,1.1461354583759633,0,-1.6142275469024407,-0.6733845901952854,0,0,0,0,-1.2348820194570018,0,0,0,0,0,1,1,0,0,1,0,0,0,0,0,0,0,0,0,0,0
tt0023303,onehourwithyou,1931,-0.8990008718290872,0,-1.6142275469024407,-0.6733845901952854,0,0,0,0,-1.7376751459473248,0,0,0,0,1,0,0,0,0,0,0,0,0,1,0,1,0,0,0,0,0
tt0023458,shanghaiexpress,1931,-0.38771678927782455,0,-1.6142275469024407,-0.6733845901952854,0,0,0,0,-1.5940199669500896,0,1,0,0,0,0,1,0,0,1,0,0,0,0,0,0,0,0,0,0,0
tt0023488,smilinthrough,1932,-1.0694288993461742,0,-1.6142275469024407,1.2905198709470507,0,0,0,0,-1.0193992509611491,0,0,0,0,0,0,1,0,0,0,0,0,0,0,0,1,0,0,0,0,0
tt0023876,cavalcade,1932,-2.944137202034139,1,-1.123370897930591,-0.6733845901952854,0,0,0,1,-0.5166061244708263,0,0,0,0,0,0,1,0,0,0,0,0,0,0,0,1,0,0,0,1,0
tt0024034,42ndstreet,1932,-0.38771678927782455,0,-1.6142275469024407,0.3085676403758826,0,0,0,0,-1.3426234037049283,0,0,0,0,1,0,1,0,0,0,0,0,0,1,0,0,0,0,0,0,0
tt0024240,ladyforaday,1932,-0.217288761760736,0,-1.6142275469024407,-0.6733845901952854,0,0,0,0,-1.0912268404597667,0,0,0,0,1,0,1,0,0,0,0,0,0,0,0,0,0,0,0,0,0
tt0024264,littlewomen,1932,-0.5581448167949116,0,-1.6142275469024407,-0.6733845901952854,0,0,0,0,-0.4088647402229,0,0,0,0,0,0,1,1,0,0,0,0,0,0,0,1,0,0,0,0,0
tt0024473,theprivatelifeofhenryviii,1932,-0.8990008718290872,0,-2.669192219811859,-0.6733845901952854,0,0,0,0,-1.055313045710458,0,0,0,1,0,0,1,0,0,0,1,0,0,0,0,0,0,0,0,0,0
tt0024548,shedonehimwrong,1932,-2.091997064448701,0,-1.6142275469024407,-0.6733845901952854,0,0,0,0,-2.16864068293903,0,0,0,0,1,0,1,0,0,0,1,0,0,0,0,0,0,0,0,0,0
tt0024610,statefair,1932,-1.4102849543803497,0,-1.6142275469024407,2.2724721015182188,0,0,0,0,-0.9834854562118405,0,0,0,0,1,0,1,0,0,0,0,0,0,0,0,1,0,0,0,0,0
tt0024865,thebarrettsofwimpolestreet,1934,-1.0694288993461742,0,-1.2055880743300613,2.2724721015182188,0,0,0,0,-0.6243475087187527,0,0,0,1,0,0,1,0,0,0,0,0,0,0,0,1,0,0,0,0,0
tt0024991,cleopatra,1934,-1.2398569268632629,0,-1.2055880743300613,-0.6733845901952854,0,0,0,0,-0.9475716614625317,0,0,0,1,0,0,1,0,0,0,1,0,0,0,0,0,0,0,0,0,0
tt0025124,flirtationwalk,1934,-3.2849932570683147,1,-1.2055880743300613,-0.6733845901952854,0,0,0,0,-1.055313045710458,0,0,0,0,0,0,0,0,0,0,0,0,0,1,0,0,0,0,0,0,0
tt0025164,thegaydivorcee,1934,-0.217288761760736,0,-1.2055880743300613,-0.6733845901952854,0,0,0,0,-0.6961750982173702,0,0,0,0,1,0,0,0,0,0,0,0,0,1,0,1,0,0,0,0,0
tt0025238,herecomesthenavy,1934,-2.2624250919657882,0,-1.2055880743300613,-0.6733845901952854,0,0,0,0,-1.4144509932035458,0,0,0,0,1,0,1,0,0,0,0,0,0,0,0,1,0,0,0,0,0
tt0025272,thehouseofrothschild,1934,-1.7511410094145254,0,-1.2055880743300613,0.3085676403758826,0,0,0,0,-1.378537198454237,0,0,0,1,0,0,1,0,0,0,1,0,0,0,0,0,0,0,0,0,0
tt0025301,imitationoflife,1934,-0.04686073424364897,0,-1.2055880743300613,-0.6733845901952854,0,0,0,0,-0.5525199192201351,0,0,0,0,1,0,1,0,0,0,0,0,0,0,0,1,0,0,0,0,0
tt0025316,ithappenedonenight,1934,0.9757074308588762,1,-1.9103366234620396,-0.6733845901952854,0,0,0,1,-0.7680026877159878,0,0,0,0,1,0,0,0,0,0,0,0,0,0,0,1,0,0,0,0,0
tt0025601,onenightoflove,1934,-3.2849932570683147,0,-1.2055880743300613,-0.6733845901952854,0,0,0,0,-1.522192377451472,0,0,0,0,1,0,0,0,0,0,0,0,1,0,0,1,0,0,0,0,0
tt0025878,thethinman,1934,0.6348513758247022,0,-1.2055880743300613,-0.6733845901952854,0,0,0,0,-1.2707958142063107,0,0,0,0,1,1,0,0,0,0,0,0,0,0,1,0,0,0,0,0,0
tt0025948,vivavilla,1934,-2.091997064448701,0,-1.2055880743300613,0.3085676403758826,0,0,0,0,-0.4088647402229,0,0,0,1,0,0,0,0,0,0,0,0,0,0,0,0,0,0,0,0,1
tt0025986,thewhiteparade,1934,-1.7511410094145254,0,-1.2055880743300613,-0.6733845901952854,0,0,0,0,-1.6658475564487072,0,0,0,0,0,0,1,0,0,0,0,0,0,0,0,0,0,0,0,0,0
tt0026056,aliceadams,1935,-1.0694288993461742,0,-1.2055880743300613,0.3085676403758826,0,0,0,0,-0.9834854562118405,0,0,0,0,1,0,1,0,0,0,0,0,0,0,0,1,0,0,0,0,0
tt0026144,broadwaymelodyof1936,1935,-1.4102849543803497,0,-1.2055880743300613,-0.6733845901952854,0,0,0,0,-0.9116578667132229,0,0,0,0,1,0,0,0,0,0,0,0,0,1,0,1,0,0,0,0,0
tt0026174,captainblood,1935,0.2939953207905266,0,-1.092268116853597,-0.6733845901952854,0,0,0,0,-0.2652095612256649,1,1,0,0,0,0,0,0,0,0,1,0,0,0,0,0,0,0,0,0,0
tt0026266,davidcopperfield,1935,-0.38771678927782455,0,-1.2055880743300613,-0.6733845901952854,0,0,0,0,0.12984218101673164,0,1,0,0,0,0,1,1,0,0,0,0,0,0,0,0,0,0,0,0,0
tt0026529,theinformer,1935,-0.217288761760736,1,-1.2055880743300613,-0.6733845901952854,0,0,0,0,-1.2707958142063107,0,0,0,0,0,1,1,0,0,0,0,0,0,0,0,0,0,0,0,0,0
tt0026643,thelivesofabengallancer,1935,-0.8990008718290872,0,-1.2055880743300613,-0.6733845901952854,0,0,0,0,-0.6243475087187527,0,1,0,0,0,0,1,0,0,0,0,0,0,0,0,0,0,0,0,1,0
tt0026714,amidsummernightsdream,1935,-1.2398569268632629,0,-1.2055880743300613,-0.6733845901952854,0,0,0,0,0.237583565264658,0,0,0,0,1,0,0,0,1,0,0,0,0,0,0,1,0,0,0,0,0
tt0026725,lesmiserables,1935,0.12356729327343807,0,-1.2055880743300613,1.2905198709470507,0,0,0,0,-0.6602613034680614,0,0,0,0,0,0,1,0,0,0,1,0,0,0,0,1,0,0,0,0,0
tt0026752,mutinyonthebounty,1935,0.12356729327343807,1,-0.8170020381969453,1.2905198709470507,0,0,0,1,0.2016697705153492,0,1,0,1,0,0,1,0,0,0,0,0,0,0,0,0,0,0,0,0,0
tt0026768,naughtymarietta,1935,-1.7511410094145254,0,-1.2055880743300613,-0.6733845901952854,0,0,0,0,-0.7680026877159878,0,0,0,0,0,0,1,0,0,0,0,0,0,1,0,1,0,0,0,0,0
tt0026955,rugglesofredgap,1935,0.12356729327343807,0,-1.2055880743300613,0.3085676403758826,0,0,0,0,-1.3067096089556194,0,0,0,0,1,0,0,0,0,0,0,0,0,0,1,1,0,0,0,0,0
tt0027075,ataleoftwocities,1936,0.46442334830761367,0,-1.0931531090783122,-0.6733845901952854,0,0,0,0,0.0580145915181141,0,0,0,0,0,0,1,0,0,0,1,0,0,0,0,1,0,0,0,0,0
tt0027125,tophat,1935,0.2939953207905266,0,-1.5271345335023065,-0.6733845901952854,0,0,0,0,-0.9116578667132229,0,0,0,0,1,0,0,0,0,0,0,0,0,1,0,1,0,0,0,0,0
tt0027300,anthonyadverse,1936,-2.091997064448701,0,-1.0931531090783122,0.3085676403758826,0,0,0,0,0.5248939232591282,0,1,0,0,0,0,1,0,0,0,0,0,0,0,0,1,0,0,0,0,0
tt0027532,dodsworth,1936,0.2939953207905266,0,-1.0931531090783122,-0.6733845901952854,0,0,0,0,-0.9116578667132229,0,0,0,0,0,0,1,0,0,0,0,0,0,0,0,1,0,0,0,0,0
tt0027698,thegreatziegfeld,1936,-1.5807129818974384,0,-1.0931531090783122,-0.6733845901952854,0,0,0,1,1.7818767394849353,0,0,0,0,0,0,1,0,0,0,0,0,0,1,0,0,0,0,0,0,0
tt0027884,libeledlady,1936,0.46442334830761367,0,-1.0931531090783122,-0.6733845901952854,0,0,0,0,-1.0193992509611491,0,0,0,0,1,0,0,0,0,0,0,0,0,0,0,1,0,0,0,0,0
tt0027996,mrdeedsgoestotown,1936,0.46442334830761367,1,-1.0931531090783122,-0.6733845901952854,0,0,0,0,-0.4088647402229,0,0,0,0,1,0,1,0,0,0,0,0,0,0,0,1,0,0,0,0,0
tt0028203,romeoandjuliet,1936,-1.9215690369316125,0,-1.0931531090783122,0.3085676403758826,0,0,0,0,-0.04972679272981223,0,0,0,0,0,0,1,0,0,0,0,0,0,0,0,1,0,0,0,0,0
tt0028216,sanfrancisco,1936,-0.7285728443120001,0,-1.0931531090783122,0.3085676403758826,0,0,0,0,-0.4088647402229,0,0,0,0,0,0,1,0,0,0,0,0,1,0,0,1,0,0,0,0,0
tt0028313,thestoryoflouispasteur,1936,-0.38771678927782455,0,-1.0931531090783122,-0.6733845901952854,0,0,0,0,-1.4503647879528545,0,0,0,1,0,0,1,0,0,0,1,0,0,0,0,0,0,0,0,0,0
tt0028373,threesmartgirls,1936,-1.5807129818974384,0,-1.0931531090783122,-0.6733845901952854,0,0,0,0,-1.522192377451472,0,0,0,0,1,0,0,0,0,0,0,0,0,1,0,1,0,0,0,0,0
tt0028597,theawfultruth,1937,0.2939953207905266,1,-1.5362195873899411,-0.6733845901952854,0,0,0,0,-1.3067096089556194,0,0,0,0,1,0,0,0,0,0,0,0,0,0,0,1,0,0,0,0,0
tt0028691,captainscourageous,1937,0.6348513758247022,0,-0.9912761931849917,0.3085676403758826,0,0,0,0,-0.3370371507242825,0,1,0,0,0,0,1,1,0,0,0,0,0,0,0,0,0,0,0,0,0
tt0028773,deadend,1937,-0.5581448167949116,0,-0.9912761931849917,-0.6733845901952854,0,0,0,0,-1.1989682247076932,0,0,0,0,0,1,1,0,0,1,0,0,0,0,0,0,0,0,0,0,0
tt0028944,thegoodearth,1937,-0.04686073424364897,0,-0.9912761931849917,1.2905198709470507,0,0,0,0,0.41715253901120186,0,0,0,0,0,0,1,0,0,0,0,0,0,0,0,1,0,0,0,0,0
tt0028950,thegrandillusion,1937,0.9757074308588762,0,-0.9912761931849917,-0.6733845901952854,0,0,0,0,-0.48069232972151754,0,0,0,0,0,0,1,0,0,0,0,0,0,0,0,0,0,0,0,1,0
tt0029047,inoldchicago,1937,-1.4102849543803497,0,-0.8658442743415359,-0.6733845901952854,0,0,0,0,-1.1271406352090756,1,0,0,0,0,0,1,0,0,0,0,0,0,1,0,0,0,0,0,0,0
tt0029146,thelifeofemilezola,1937,-0.7285728443120001,0,-0.9912761931849917,1.2905198709470507,0,0,0,1,-0.3729509454735912,0,0,0,1,0,0,1,0,0,0,0,0,0,0,0,0,0,0,0,0,0
tt0029162,losthorizon,1937,0.12356729327343807,1,-0.9912761931849917,-0.6733845901952854,0,0,0,0,0.2016697705153492,0,1,0,0,0,0,1,0,1,0,0,0,0,0,0,0,0,0,0,0,0
tt0029347,onehundredmenandagirl,1937,-1.4102849543803497,0,-0.9912761931849917,-0.6733845901952854,0,0,0,0,-1.522192377451472,0,0,0,0,1,0,1,0,0,0,0,0,1,0,0,0,0,0,0,0,0
tt0029604,stagedoor,1937,0.2939953207905266,0,-0.9912761931849917,0.3085676403758826,0,0,0,0,-1.2348820194570018,0,0,0,0,1,0,1,0,0,0,0,0,0,0,0,1,0,0,0,0,0
tt0029606,astarisborn,1937,-0.38771678927782455,0,-0.9912761931849917,3.254424332089387,0,0,0,0,-0.5525199192201351,0,0,0,0,0,0,1,0,0,0,0,0,0,0,0,1,0,0,0,0,0
tt0029843,theadventuresofrobinhood,1938,0.6348513758247022,0,-0.7915668802836324,-0.6733845901952854,0,0,0,0,-0.8757440719639141,1,1,0,0,0,0,0,0,0,0,0,0,0,0,0,1,0,0,0,0,0
tt0029852,alexandersragtimeband,1938,-1.2398569268632629,0,-0.9702187414445291,-0.6733845901952854,0,0,0,0,-0.732088892966679,0,0,0,0,0,0,1,0,0,0,0,0,1,1,0,0,0,0,0,0,0
tt0029942,boystown,1938,-0.5581448167949116,1,-0.9702187414445291,0.3085676403758826,0,0,0,0,-1.0912268404597667,0,0,0,1,0,0,1,1,0,0,0,0,0,0,0,0,0,0,0,0,0
tt0029995,thecitadel,1938,-0.8990008718290872,0,-0.9702187414445291,-0.6733845901952854,0,0,0,0,-0.5884337139694439,0,0,0,0,0,0,1,0,0,0,0,0,0,0,0,0,0,0,0,0,0
tt0030149,fourdaughters,1938,-1.0694288993461742,0,-0.9702187414445291,-0.6733845901952854,0,0,0,0,-1.3067096089556194,0,0,0,0,0,0,1,0,0,0,0,0,1,0,0,1,0,0,0,0,0
tt0030287,jezebel,1938,-0.217288761760736,0,-1.088350273321392,0.3085676403758826,0,0,0,0,-0.8039164824652966,0,0,0,0,0,0,1,0,0,0,0,0,0,0,0,1,0,0,0,0,0
tt0030637,pygmalion,1938,0.2939953207905266,0,-0.9702187414445291,-0.6733845901952854,0,0,0,0,-1.3426234037049283,0,0,0,0,1,0,1,0,0,0,0,0,0,0,0,1,0,0,0,0,0
tt0030848,testpilot,1938,-1.2398569268632629,0,-0.9702187414445291,2.2724721015182188,0,0,0,0,-0.2652095612256649,0,0,0,0,0,0,1,0,0,0,0,0,0,0,0,1,0,0,0,0,0
tt0030993,youcanttakeitwithyou,1938,0.46442334830761367,1,-0.9208886470759468,0.3085676403758826,0,0,0,1,-0.013812997980503455,0,0,0,0,1,0,1,0,0,0,0,0,0,0,0,1,0,0,0,0,0
tt0031210,darkvictory,1939,-0.217288761760736,0,-0.9893130306577401,1.2905198709470507,0,0,0,0,-0.8039164824652966,0,0,0,0,0,0,1,0,0,0,0,0,0,0,0,1,0,0,0,0,0
tt0031381,gonewiththewind,1939,1.1461354583759633,1,-0.9893130306577401,0.3085676403758826,0,0,0,1,4.008532013942079,0,0,0,0,0,0,1,0,0,0,0,0,0,0,0,1,0,0,0,1,0
tt0031385,goodbyemrchips,1939,0.6348513758247022,0,-0.9893130306577401,-0.6733845901952854,0,0,0,0,-0.44477853497220876,0,0,0,0,0,0,1,0,0,0,0,0,0,0,0,1,0,0,0,0,0
tt0031593,loveaffair,1939,-0.38771678927782455,1,-0.9893130306577401,-0.6733845901952854,0,0,0,0,-1.378537198454237,0,0,0,0,1,0,1,0,0,0,0,0,0,0,0,1,0,0,0,0,0
tt0031679,mrsmithgoestowashington,1939,0.9757074308588762,1,-0.9770972806114834,-0.6733845901952854,0,0,0,0,0.09392838626742288,0,0,0,0,1,0,1,0,0,0,0,0,0,0,0,0,0,0,0,0,0
tt0031725,ninotchka,1939,0.46442334830761367,0,-0.9893130306577401,-0.6733845901952854,0,0,0,0,-0.5884337139694439,0,0,0,0,1,0,0,0,0,0,0,0,0,0,0,1,0,0,0,0,0
tt0031742,ofmiceandmen,1939,0.46442334830761367,1,-0.9893130306577401,-0.6733845901952854,0,0,0,0,-0.732088892966679,0,1,0,0,0,0,1,0,0,0,0,0,0,0,0,0,0,0,0,0,0
tt0031971,stagecoach,1939,0.46442334830761367,1,-1.61042180460556,-0.6733845901952854,0,0,0,0,-1.0912268404597667,0,1,0,0,0,0,1,0,0,0,0,0,0,0,0,0,0,0,0,0,1
tt0032138,thewizardofoz,1939,0.9757074308588762,0,-0.6012700109994301,-0.6733845901952854,0,0,0,0,-0.8757440719639141,0,1,0,0,0,0,0,1,1,0,0,0,0,0,0,0,0,0,0,0,0
tt0032145,wutheringheights,1939,-0.04686073424364897,0,-0.9893130306577401,-0.6733845901952854,0,0,0,0,-0.8039164824652966,0,0,0,0,0,0,1,0,0,0,0,0,0,0,0,1,0,0,0,0,0
tt0032194,allthisandheaventoo,1940,-0.217288761760736,0,-1.0988833709470285,1.2905198709470507,0,0,0,0,0.5248939232591282,0,0,0,0,0,0,1,0,0,0,0,0,0,0,0,1,0,0,0,0,0
tt0032484,foreigncorrespondent,1940,-0.217288761760736,0,-0.9835724012994609,-0.6733845901952854,0,0,0,0,-0.2292957664763561,1,0,0,0,0,0,1,0,0,0,0,0,0,0,0,1,0,0,0,0,0
tt0032551,thegrapesofwrath,1940,0.9757074308588762,1,-1.3606755150237064,-0.6733845901952854,0,0,0,0,0.09392838626742288,0,0,0,0,0,0,1,0,0,0,0,0,0,0,0,0,0,0,0,0,0
tt0032553,thegreatdictator,1940,1.4869915134101404,0,-0.8015530556949281,-0.6733845901952854,0,0,0,0,-0.04972679272981223,0,0,0,0,1,0,1,0,0,0,0,0,0,0,0,0,0,0,0,1,0
tt0032671,kittyfoyle,1940,-1.0694288993461742,0,-1.0988833709470285,-0.6733845901952854,0,0,0,0,-0.6602613034680614,0,0,0,0,0,0,1,0,0,0,0,0,0,0,0,1,0,0,0,0,0
tt0032701,theletter,1940,-0.04686073424364897,0,-1.0988833709470285,2.2724721015182188,0,0,0,0,-1.1271406352090756,0,0,0,0,0,1,1,0,0,1,0,0,0,0,0,0,0,0,0,0,0
tt0032728,thelongvoyagehome,1940,-1.0694288993461742,1,-1.457610037155557,0.3085676403758826,0,0,0,0,-0.7680026877159878,0,0,0,0,0,0,1,0,0,0,0,0,0,0,0,0,0,0,0,1,0
tt0032881,ourtown,1940,-1.7511410094145254,0,-1.0988833709470285,1.2905198709470507,0,0,0,0,-1.3067096089556194,0,0,0,0,0,0,1,1,0,0,0,0,0,0,0,1,0,0,0,0,0
tt0032904,thephiladelphiastory,1940,0.46442334830761367,0,-1.0988833709470285,0.3085676403758826,0,0,0,0,-0.5166061244708263,0,0,0,0,1,0,0,0,0,0,0,0,0,0,0,1,0,0,0,0,0
tt0032976,rebecca,1940,0.9757074308588762,0,-1.0988833709470285,-0.6733845901952854,0,0,0,1,0.12984218101673164,0,0,0,0,0,0,1,0,0,0,0,0,0,0,1,1,0,0,0,0,0
tt0033407,blossomsinthedust,1941,-1.0694288993461742,0,-1.1728803170888475,-0.6733845901952854,0,0,0,0,-0.9834854562118405,0,0,0,1,0,0,1,0,0,0,0,0,0,0,0,1,0,0,0,0,0
tt0033467,citizenkane,1941,1.3165634858930533,0,-1.3311020178574209,-0.6733845901952854,0,0,0,0,-0.2652095612256649,0,0,0,0,0,0,1,0,0,0,0,0,0,0,1,0,0,0,0,0,0
tt0033712,herecomesmrjordan,1941,-0.04686073424364897,0,-1.1728803170888475,-0.6733845901952854,0,0,0,0,-1.1630544299583843,0,0,0,0,1,0,0,0,1,0,0,0,0,0,0,1,0,0,0,0,0
tt0033722,holdbackthedawn,1941,-0.38771678927782455,0,-1.1728803170888475,-0.6733845901952854,0,0,0,0,-0.3729509454735912,0,0,0,0,0,0,1,0,0,0,0,0,0,0,0,1,0,0,0,0,0
tt0033729,howgreenwasmyvalley,1941,0.2939953207905266,1,-1.3606755150237064,-0.6733845901952854,0,0,0,1,-0.3011233559749737,0,0,0,0,0,0,1,1,0,0,0,0,0,0,0,0,0,0,0,0,0
tt0033836,thelittlefoxes,1941,0.6348513758247022,0,-1.1728803170888475,1.2905198709470507,0,0,0,0,-0.3729509454735912,0,0,0,0,0,0,1,0,0,0,0,0,0,0,0,1,0,0,0,0,0
tt0033870,themaltesefalcon,1941,0.6348513758247022,0,-1.959178729221964,-0.6733845901952854,0,0,0,0,-0.9475716614625317,0,0,0,0,0,1,1,0,0,1,0,0,0,0,0,0,0,0,0,0,0
tt0033980,onefootinheaven,1941,-1.5807129818974384,0,-1.1728803170888475,0.3085676403758826,0,0,0,0,-0.6602613034680614,0,0,0,1,0,0,1,0,0,0,0,0,0,0,0,1,0,0,0,0,0
tt0034167,sergeantyork,1941,0.2939953207905266,0,-1.1728803170888475,2.2724721015182188,0,0,0,0,0.27349736001396674,0,0,0,1,0,0,1,0,0,0,1,0,0,0,0,0,0,0,0,0,0
tt0034248,suspicion,1941,-0.38771678927782455,0,-0.8658442743415359,-0.6733845901952854,0,0,0,0,-0.9834854562118405,0,0,0,0,0,0,1,0,0,1,0,0,0,0,1,0,0,0,0,0,0
tt0034583,casablanca,1943,1.6574195409272274,1,-1.2558121749929363,-0.6733845901952854,0,0,0,1,-0.8757440719639141,0,0,0,0,0,0,1,0,0,0,0,0,0,0,0,1,0,0,0,1,0
tt0034891,inwhichweserve,1943,-0.5581448167949116,0,-2.095340978868352,-0.6733845901952854,0,0,0,0,-0.4088647402229,0,0,0,0,0,0,1,0,0,0,0,0,0,0,0,0,0,0,0,1,0
tt0034946,kingsrow,1942,-0.04686073424364897,0,-1.372255736357147,-0.6733845901952854,0,0,0,0,0.022100796768805324,0,0,0,0,0,0,1,0,0,0,0,0,0,0,0,0,0,0,0,0,0
tt0035015,themagnificentambersons,1942,0.12356729327343807,0,-1.372255736357147,-0.6733845901952854,0,0,0,0,-1.378537198454237,0,0,0,0,0,0,1,0,0,0,0,0,0,0,0,1,0,0,0,0,0
tt0035093,mrsminiver,1942,0.12356729327343807,1,-1.372255736357147,-0.6733845901952854,0,0,0,1,0.27349736001396674,0,0,0,0,0,0,1,0,0,0,0,0,0,0,0,1,0,0,0,1,0
tt0035189,thepiedpiper,1942,-0.8990008718290872,0,-1.372255736357147,-0.6733845901952854,0,0,0,0,-1.4144509932035458,0,0,0,0,0,0,1,0,0,0,0,0,0,0,0,0,0,0,0,1,0
tt0035211,theprideoftheyankees,1942,0.12356729327343807,0,-1.372255736357147,3.254424332089387,0,0,0,0,0.0580145915181141,0,0,0,1,0,0,1,0,0,0,0,0,0,0,0,1,0,0,0,0,0
tt0035238,randomharvest,1942,0.6348513758247022,0,-1.372255736357147,-0.6733845901952854,0,0,0,0,-0.013812997980503455,0,0,0,0,0,0,1,0,0,0,0,0,0,0,0,1,0,0,0,0,0
tt0035417,thetalkofthetown,1942,-0.04686073424364897,0,-1.372255736357147,-0.6733845901952854,0,0,0,0,-0.3011233559749737,0,0,0,0,1,0,1,0,0,0,0,0,0,0,0,1,0,0,0,0,0
tt0035429,theinvaders,1942,-0.04686073424364897,0,-1.372255736357147,-0.6733845901952854,0,0,0,0,-1.2348820194570018,0,0,0,0,0,0,0,0,0,0,0,0,0,0,0,0,0,0,1,1,0
tt0035530,wakeisland,1942,-1.5807129818974384,0,-1.372255736357147,-0.6733845901952854,0,0,0,0,-1.378537198454237,1,0,0,0,0,0,1,0,0,0,0,0,0,0,0,0,0,0,0,1,0
tt0035575,yankeedoodledandy,1942,0.12356729327343807,0,-1.372255736357147,-0.6733845901952854,0,0,0,0,-0.013812997980503455,0,0,0,1,0,0,1,1,0,0,0,0,0,0,0,0,0,0,0,0,0
tt0035896,forwhomthebelltolls,1943,-1.2398569268632629,0,-1.26461082777941,0.3085676403758826,0,0,0,0,1.5663939709890828,0,1,0,0,0,0,1,0,0,0,1,0,0,0,0,0,0,0,0,0,0
tt0035979,heavencanwait,1943,-0.38771678927782455,0,-1.26461082777941,-0.6733845901952854,0,0,0,0,-0.5166061244708263,0,0,0,0,1,0,1,0,1,0,0,0,0,0,0,0,0,0,0,0,0
tt0036022,thehumancomedy,1943,-0.8990008718290872,0,-1.26461082777941,0.3085676403758826,0,0,0,0,-0.3370371507242825,0,0,0,0,1,0,1,1,0,0,0,0,0,0,0,0,0,0,0,0,0
tt0036126,madamecurie,1943,-0.5581448167949116,0,-1.26461082777941,0.3085676403758826,0,0,0,0,-0.08564058747912101,0,0,0,1,0,0,1,0,0,0,0,0,0,0,0,1,0,0,0,0,0
tt0036172,themorethemerrier,1943,0.12356729327343807,0,-1.26461082777941,-0.6733845901952854,0,0,0,0,-0.8039164824652966,0,0,0,0,1,0,0,0,0,0,0,0,0,0,0,0,0,0,0,0,0
tt0036244,theoxbowincident,1943,0.8052794033417893,0,-1.5728950905379682,0.3085676403758826,0,0,0,0,-1.8454165301952512,0,0,0,0,0,0,1,0,0,0,0,0,0,0,0,0,0,0,0,0,1
tt0036377,thesongofbernadette,1943,0.12356729327343807,0,-1.26461082777941,-0.6733845901952854,0,1,0,0,1.06360084449876,0,0,0,1,0,0,1,0,0,0,0,0,0,0,1,0,0,0,0,0,0
tt0036515,watchontherhine,1943,-0.7285728443120001,0,-1.26461082777941,1.2905198709470507,0,0,0,0,-0.44477853497220876,0,0,0,0,0,0,1,0,0,0,0,0,0,0,0,0,0,0,1,0,0
tt0036775,doubleindemnity,1944,1.3165634858930533,0,-1.2707672581980818,-0.6733845901952854,0,0,0,0,-0.6961750982173702,0,0,0,0,0,1,1,0,0,1,0,0,0,0,0,0,0,0,0,0,0
tt0036855,gaslight,1944,0.46442334830761367,0,-0.8015530556949281,-0.6733845901952854,0,0,0,0,-0.44477853497220876,0,0,0,0,0,1,1,0,0,0,0,0,0,0,1,0,0,0,0,0,0
tt0036868,thebestyearsofourlives,1946,0.9757074308588762,1,-1.023257616262268,1.2905198709470507,1,1,0,1,1.5663939709890828,0,0,0,0,0,0,1,0,0,0,0,0,0,0,0,1,0,0,0,1,0
tt0036872,goingmyway,1944,-0.8990008718290872,1,-1.152219749355147,-0.6733845901952854,0,1,0,1,-0.013812997980503455,0,0,0,0,1,0,1,0,0,0,0,0,1,0,0,0,0,0,0,0,0
tt0036910,henryv,1946,-0.8990008718290872,0,-1.678771691509191,-0.6733845901952854,0,0,0,0,0.3812387442618931,0,0,0,1,0,0,1,0,0,0,1,0,0,0,0,0,0,0,0,0,0
tt0037280,sinceyouwentaway,1944,-0.04686073424364897,0,-1.152219749355147,3.254424332089387,0,0,0,0,1.8177905342342442,0,0,0,0,0,0,1,0,0,0,0,0,0,0,0,1,0,0,0,1,0
tt0037465,wilson,1944,-2.091997064448701,0,-1.152219749355147,1.2905198709470507,0,0,0,0,0.9917732550001424,0,0,0,1,0,0,1,0,0,0,1,0,0,0,0,0,0,0,0,0,0
tt0037514,anchorsaweigh,1945,-0.8990008718290872,0,-0.9754722407232748,-0.6733845901952854,0,0,0,0,0.4889801285098194,0,0,0,0,1,0,0,0,1,0,0,0,0,1,0,0,0,0,0,0,0
tt0037536,thebellsofstmarys,1945,-0.5581448167949116,1,-1.0644177139516302,1.2905198709470507,0,0,0,0,-0.013812997980503455,0,0,0,0,0,0,1,0,0,0,0,0,0,0,0,0,0,0,0,0,0
tt0037884,thelostweekend,1945,0.6348513758247022,1,-1.088350273321392,-0.6733845901952854,0,1,0,1,-0.9116578667132229,0,0,0,0,0,0,1,0,0,1,0,0,0,0,0,0,0,0,0,0,0
tt0037913,mildredpierce,1945,0.6348513758247022,1,-1.0191968758489522,-0.6733845901952854,0,0,0,0,-0.5525199192201351,0,0,0,0,0,1,1,0,0,1,0,0,0,0,0,0,0,0,0,0,0
tt0038109,spellbound,1945,-0.04686073424364897,0,-0.9770972806114834,0.3085676403758826,0,0,0,0,-0.5525199192201351,0,0,0,0,0,0,1,0,0,1,0,0,0,0,1,0,0,0,0,0,0
tt0038574,greatexpectations,1947,0.46442334830761367,0,-0.9020699837421959,-0.6733845901952854,0,0,0,0,-0.3011233559749737,0,1,0,0,0,0,1,0,0,0,0,0,0,0,1,0,0,0,0,0,0
tt0038650,itsawonderfullife,1946,1.8278475684443145,1,-0.5185815019046177,2.2724721015182188,0,0,0,0,0.12984218101673164,0,0,0,0,0,0,1,1,1,0,0,0,0,0,0,0,0,0,0,0,0
tt0038873,therazorsedge,1946,-0.38771678927782455,0,-1.023257616262268,-0.6733845901952854,0,0,0,0,0.6685491022563633,0,0,0,0,0,0,1,0,0,0,0,0,0,0,0,1,0,0,0,0,0
tt0039111,theyearling,1946,-0.7285728443120001,0,-1.023257616262268,-0.6733845901952854,0,0,0,0,0.0580145915181141,0,0,0,0,0,0,1,1,0,0,0,0,0,0,0,0,0,0,0,0,1
tt0039190,thebishopswife,1947,0.12356729327343807,0,-0.9020699837421959,-0.6733845901952854,0,0,0,0,-0.6243475087187527,0,0,0,0,1,0,1,0,1,0,0,0,0,0,0,0,0,0,0,0,0
tt0039286,crossfire,1947,-0.38771678927782455,0,-0.9020699837421959,-0.6733845901952854,0,0,0,0,-1.4503647879528545,0,0,0,0,0,1,1,0,0,1,0,0,0,0,0,0,0,0,0,0,0
tt0039416,gentlemansagreement,1947,-0.5581448167949116,1,-0.9020699837421959,0.3085676403758826,0,1,0,1,-0.3011233559749737,0,0,0,0,0,0,1,0,0,0,0,0,0,0,0,1,0,0,0,0,0
tt0039628,miracleon34thstreet,1947,0.6348513758247022,0,-1.5064477545134918,-0.6733845901952854,0,0,0,0,-1.0912268404597667,0,0,0,0,1,0,1,1,0,0,0,0,0,0,0,0,0,0,0,0,0
tt0040416,hamlet,1948,-0.04686073424364897,0,-0.951212069620259,-0.6733845901952854,1,0,0,1,0.9917732550001424,0,0,0,0,0,0,1,0,0,0,0,0,0,0,0,0,0,0,0,0,0
tt0040495,johnnybelinda,1948,0.2939953207905266,0,-0.951212069620259,-0.6733845901952854,0,1,0,0,-0.8757440719639141,0,0,0,0,0,0,1,0,0,0,0,0,0,0,0,0,0,0,0,0,0
tt0040725,theredshoes,1948,0.9757074308588762,0,-0.951212069620259,-0.6733845901952854,0,0,0,0,0.3094111547632755,0,0,0,0,0,0,1,0,0,0,0,0,1,0,0,1,0,0,0,0,0
tt0040806,thesnakepit,1948,0.12356729327343807,0,-0.951212069620259,1.2905198709470507,0,0,0,0,-0.6602613034680614,0,0,0,0,0,0,1,0,0,0,0,0,0,0,1,0,0,0,0,0,0
tt0040897,thetreasureofthesierramadre,1948,1.1461354583759633,1,-0.665390358568569,-0.6733845901952854,0,0,0,0,-0.013812997980503455,0,1,0,0,0,0,1,0,0,0,0,0,0,0,0,0,0,0,0,0,1
tt0041113,allthekingsmen,1949,-0.217288761760736,0,-0.808611042849375,-0.6733845901952854,0,1,0,1,-0.5884337139694439,0,0,0,0,0,0,1,0,0,1,0,0,0,0,0,0,0,0,0,0,0
tt0041163,battleground,1949,-0.217288761760736,0,-0.808611042849375,-0.6733845901952854,0,0,0,0,-0.3011233559749737,1,0,0,0,0,0,1,0,0,0,1,0,0,0,0,0,0,0,0,0,0
tt0041452,theheiress,1949,0.9757074308588762,1,-0.808611042849375,0.3085676403758826,0,0,0,0,-0.4088647402229,0,0,0,0,0,0,1,0,0,0,0,0,0,0,0,1,0,0,0,0,0
tt0041587,alettertothreewives,1949,0.2939953207905266,1,-0.808611042849375,-0.6733845901952854,0,0,0,0,-0.8398302772146053,0,0,0,0,1,0,1,0,0,0,0,0,0,0,0,1,0,0,0,0,0
tt0041996,twelveoclockhigh,1949,0.2939953207905266,0,-0.808611042849375,-0.6733845901952854,0,0,0,0,0.2016697705153492,0,0,0,0,0,0,1,0,0,0,0,0,0,0,0,0,0,0,0,1,0
tt0042192,allabouteve,1950,1.1461354583759633,1,-1.0191968758489522,3.254424332089387,1,0,0,1,0.41715253901120186,0,0,0,0,0,0,1,0,0,0,0,0,0,0,0,0,0,0,0,0,0
tt0042276,bornyesterday,1950,-0.04686073424364897,0,-0.5843313989399687,0.3085676403758826,0,0,0,0,-0.8398302772146053,0,0,0,0,1,0,1,0,0,0,0,0,0,0,0,1,0,0,0,0,0
tt0042451,fatherofthebride,1950,-0.7285728443120001,0,-0.5843313989399687,1.2905198709470507,0,0,0,0,-1.2348820194570018,0,0,0,0,1,0,1,0,0,0,0,0,0,0,0,1,0,0,0,0,0
tt0042646,kingsolomonsmines,1950,-1.4102849543803497,0,-0.7275158239473145,-0.6733845901952854,0,0,0,0,-0.8398302772146053,1,1,0,0,0,0,0,0,0,0,0,0,0,0,0,1,0,0,0,0,0
tt0043014,sunsetblvd,1950,1.4869915134101404,1,-0.883034204874101,-0.6733845901952854,0,0,0,0,-0.5884337139694439,0,0,0,0,0,0,1,0,0,1,0,0,0,0,0,0,0,0,0,0,0
tt0043278,anamericaninparis,1951,-0.7285728443120001,0,-0.7042731048442967,-0.6733845901952854,0,0,1,1,-0.44477853497220876,0,0,0,0,0,0,1,0,0,0,0,0,0,1,0,1,0,0,0,0,0
tt0043459,decisionbeforedawn,1951,-0.5581448167949116,0,-0.7042731048442967,-0.6733845901952854,0,0,0,0,-0.2652095612256649,0,0,0,0,0,0,1,0,0,0,0,0,0,0,0,0,0,0,0,1,0
tt0043924,aplaceinthesun,1951,0.2939953207905266,1,-0.716270005544162,0.3085676403758826,0,1,0,0,-0.15746817697773857,0,0,0,0,0,0,1,0,0,0,0,0,0,0,0,1,0,0,0,0,0
tt0043949,quovadis,1951,-0.7285728443120001,0,0.014911616097963038,-0.6733845901952854,0,0,0,0,1.6023077657383915,0,0,0,0,0,0,1,0,0,0,0,0,0,0,0,1,0,0,0,0,0
tt0044081,astreetcarnameddesire,1951,0.6348513758247022,1,-0.8658442743415359,0.3085676403758826,0,0,0,0,-0.15746817697773857,0,0,0,0,0,0,1,0,0,0,0,0,0,0,0,0,0,0,0,0,0
tt0044672,thegreatestshowonearth,1952,-1.7511410094145254,0,-0.6468087181706654,0.3085676403758826,0,1,0,1,0.9199456655015248,0,0,0,0,0,0,1,1,0,0,0,0,0,0,0,1,0,0,0,0,0
tt0044706,highnoon,1952,0.6348513758247022,0,-1.4165499744552474,1.2905198709470507,0,0,0,0,-1.4862785827021634,0,0,0,0,0,0,1,0,0,0,0,0,0,0,0,0,0,0,1,0,1
tt0044760,ivanhoe,1952,-1.4102849543803497,0,-0.6468087181706654,1.2905198709470507,0,0,0,0,-0.732088892966679,1,1,0,0,0,0,1,0,0,0,0,0,0,0,0,0,0,0,0,0,0
tt0044926,moulinrouge,1952,-0.8990008718290872,1,-0.9770972806114834,0.3085676403758826,0,0,0,0,-0.2652095612256649,0,0,0,1,0,0,1,0,0,0,0,0,1,0,0,0,0,0,0,0,0
tt0045061,thequietman,1952,0.2939953207905266,1,-0.883034204874101,1.2905198709470507,0,0,0,0,0.09392838626742288,0,0,0,0,1,0,1,0,0,0,0,0,0,0,0,1,0,0,0,0,0
tt0045793,fromheretoeternity,1953,0.12356729327343807,1,-0.8378687077985828,-0.6733845901952854,0,0,0,1,-0.3011233559749737,0,0,0,0,0,0,1,0,0,0,0,0,0,0,0,1,0,0,0,1,0
tt0045943,juliuscaesar,1953,-0.5581448167949116,1,-0.7805612286125224,0.3085676403758826,0,0,0,0,-0.2292957664763561,0,0,0,0,0,0,1,0,0,0,1,0,0,0,0,0,0,0,0,0,0
tt0046247,therobe,1953,-1.4102849543803497,0,-0.2424303217753514,0.3085676403758826,0,1,0,0,0.3094111547632755,0,0,0,0,0,0,1,0,0,0,1,0,0,0,0,1,0,0,0,0,0
tt0046250,romanholiday,1953,0.8052794033417893,1,-0.9770972806114834,-0.6733845901952854,0,0,0,0,-0.3011233559749737,0,0,0,0,1,0,1,0,0,0,0,0,0,0,0,1,0,0,0,0,0
tt0046303,shane,1953,0.12356729327343807,1,-0.9770972806114834,0.3085676403758826,0,0,0,0,-0.3011233559749737,0,0,0,0,0,0,1,0,0,0,0,0,0,0,0,0,0,0,0,0,1
tt0046816,thecainemutiny,1954,0.2939953207905266,0,-0.8015530556949281,1.2905198709470507,0,0,0,0,-0.08564058747912101,0,0,0,0,0,0,1,0,0,0,0,0,0,0,0,0,0,0,0,1,0
tt0046874,thecountrygirl,1954,-0.5581448167949116,0,-0.7481680159601142,1.2905198709470507,0,0,0,0,-0.8039164824652966,0,0,0,0,0,0,1,0,0,0,0,0,1,0,0,0,0,0,0,0,0
tt0047296,onthewaterfront,1954,0.9757074308588762,1,-1.2820614636977792,0.3085676403758826,0,1,0,1,-0.6602613034680614,0,0,0,0,0,1,1,0,0,0,0,0,0,0,0,0,0,0,1,0,0
tt0047472,sevenbridesforsevenbrothers,1954,-0.38771678927782455,0,-0.7481680159601142,-0.6733845901952854,0,0,0,0,-0.8757440719639141,0,0,0,0,0,0,0,0,0,0,0,0,0,1,0,1,0,0,0,0,1
tt0047580,threecoinsinthefountain,1954,-2.2624250919657882,0,-0.7481680159601142,-0.6733845901952854,0,0,0,0,-0.8757440719639141,0,0,0,0,0,0,1,0,0,0,0,0,0,0,0,1,0,0,0,0,0
tt0048316,loveisamanysplendoredthing,1955,-1.9215690369316125,0,-0.24019700488539034,1.2905198709470507,0,0,0,0,-0.8757440719639141,0,0,0,1,0,0,1,0,0,0,0,0,0,0,0,1,0,0,0,0,0
tt0048356,marty,1955,0.2939953207905266,1,-0.24019700488539034,-0.6733845901952854,0,0,0,1,-1.3067096089556194,0,0,0,0,0,0,1,0,0,0,0,0,0,0,0,1,0,0,0,0,0
tt0048380,misterroberts,1955,0.12356729327343807,0,-0.716270005544162,0.3085676403758826,0,0,0,0,-0.12155438222842979,0,0,0,0,1,0,1,0,0,0,0,0,0,0,0,0,0,0,0,1,0
tt0048491,picnic,1955,-0.8990008718290872,0,-0.24019700488539034,0.3085676403758826,0,0,0,0,-0.4088647402229,0,0,0,0,0,0,1,0,0,0,0,0,0,0,0,1,0,0,0,0,0
tt0048563,therosetattoo,1955,-1.0694288993461742,0,-0.24019700488539034,-0.6733845901952854,0,0,0,0,-0.3370371507242825,0,0,0,0,1,0,1,0,0,0,0,0,0,0,0,1,0,0,0,0,0
tt0048960,aroundtheworldin80days,1956,-1.4102849543803497,0,-0.13117726804524604,-0.6733845901952854,0,1,0,1,1.7459629447356266,0,1,0,0,1,0,0,1,0,0,0,0,0,0,0,0,0,0,0,0,0
tt0049233,friendlypersuasion,1956,-0.38771678927782455,1,-0.28690062747517003,1.2905198709470507,0,0,0,0,0.3812387442618931,0,0,0,0,0,0,1,1,0,0,0,0,0,0,0,1,0,0,0,0,0
tt0049261,giant,1956,0.12356729327343807,1,-0.19546850929193074,0.3085676403758826,0,0,0,0,2.6797216082176547,0,0,0,0,0,0,1,0,0,0,0,0,0,0,0,0,0,0,0,0,1
tt0049408,thekingandi,1956,-0.217288761760736,0,-0.28690062747517003,-0.6733845901952854,0,0,1,0,0.237583565264658,0,0,0,1,0,0,1,0,0,0,0,0,0,1,0,0,0,0,0,0,0
tt0049833,thetencommandments,1956,0.6348513758247022,0,0.36365433988806717,0.3085676403758826,0,0,0,0,3.3620837084545214,0,1,0,0,0,0,1,1,0,0,0,0,0,0,0,0,0,0,0,0,0
tt0050083,12angrymen,1957,2.5095596785126655,0,-1.8828041028187004,-0.6733845901952854,0,0,0,0,-1.0912268404597667,0,0,0,0,0,1,1,0,0,0,0,0,0,0,0,0,0,0,0,0,0
tt0050212,thebridgeontheriverkwai,1957,0.9757074308588762,1,-0.5541373251785364,0.3085676403758826,1,1,0,1,1.2431698182453037,0,1,0,0,0,0,1,0,0,0,0,0,0,0,0,0,0,0,0,1,0
tt0050839,peytonplace,1957,-0.5581448167949116,0,-0.3094396159810501,-0.6733845901952854,0,0,0,0,1.0995146392480686,0,0,0,0,0,1,1,0,0,0,0,0,0,0,1,0,0,0,0,0,0
tt0050933,sayonara,1957,-0.8990008718290872,0,-0.3094396159810501,0.3085676403758826,0,0,0,0,0.7403766917549809,0,0,0,0,0,0,1,0,0,0,0,0,0,0,0,1,0,0,0,0,0
tt0051201,witnessfortheprosecution,1957,1.4869915134101404,1,-0.8015530556949281,0.3085676403758826,0,0,0,0,-0.3729509454735912,0,0,0,0,0,1,1,0,0,0,0,0,0,0,1,0,0,0,0,0,0
tt0051383,auntiemame,1958,0.6348513758247022,0,-0.3893661327320508,-0.6733845901952854,0,0,0,0,0.5967215127577458,0,0,0,0,1,0,1,0,0,0,0,0,0,0,0,1,0,0,0,0,0
tt0051459,catonahottinroof,1958,0.6348513758247022,0,-0.716270005544162,-0.6733845901952854,0,0,0,0,-0.6602613034680614,0,0,0,0,0,0,1,0,0,0,0,0,0,0,0,0,0,0,0,0,0
tt0051525,thedefiantones,1958,0.12356729327343807,0,-0.3893661327320508,-0.6733845901952854,0,1,0,0,-1.0912268404597667,0,0,0,0,0,1,1,0,0,0,0,0,0,0,0,0,0,0,0,0,0
tt0051658,gigi,1958,-1.5807129818974384,0,-0.49597883142405264,-0.6733845901952854,0,0,1,1,-0.4088647402229,0,0,0,0,1,0,0,0,0,0,0,0,0,1,0,1,0,0,0,0,0
tt0052182,separatetables,1958,-0.217288761760736,1,-0.3893661327320508,-0.6733845901952854,0,0,0,0,-0.9475716614625317,0,0,0,0,0,0,1,0,0,0,0,0,0,0,0,1,0,0,0,0,0
tt0052561,anatomyofamurder,1959,0.8052794033417893,0,-0.8015530556949281,0.3085676403758826,0,0,0,0,1.2431698182453037,0,0,0,0,0,0,1,0,0,0,0,0,0,0,1,0,0,0,0,0,0
tt0052618,benhur,1959,0.9757074308588762,1,0.4279455879147794,-0.6733845901952854,1,1,0,1,3.074773350460051,0,1,0,0,0,0,1,0,0,0,0,0,0,0,0,0,0,0,0,0,0
tt0052738,thediaryofannefrank,1959,-0.217288761760736,1,-0.2610166032762377,0.3085676403758826,0,0,0,0,1.9255319184821704,0,0,0,1,0,0,1,1,0,0,0,0,0,0,0,0,0,0,0,0,0
tt0053131,thenunsstory,1959,-0.04686073424364897,1,-0.46007422038391876,1.2905198709470507,0,0,0,0,0.8122042812535984,0,0,0,0,0,0,1,0,0,0,0,0,0,0,0,0,0,0,0,0,0
tt0053226,roomatthetop,1959,-0.04686073424364897,0,-0.2610166032762377,-0.6733845901952854,0,0,0,0,-0.4088647402229,0,0,0,0,0,0,1,0,0,0,0,0,0,0,0,1,0,0,0,0,0
tt0053580,thealamo,1960,-1.2398569268632629,0,-0.23334525466167616,-0.6733845901952854,0,0,0,0,1.2790836129946126,0,1,0,0,0,0,1,0,0,0,1,0,0,0,0,0,0,0,0,0,0
tt0053604,theapartment,1960,1.3165634858930533,1,-0.5541373251785364,0.3085676403758826,1,0,1,1,-0.04972679272981223,0,0,0,0,1,0,1,0,0,0,0,0,0,0,0,1,0,0,0,0,0
tt0053793,elmergantry,1960,0.2939953207905266,0,-0.23334525466167616,0.3085676403758826,0,0,0,0,0.7044628970056721,0,0,0,0,0,0,1,0,0,0,0,0,0,0,0,0,0,0,0,0,0
tt0054326,sonsandlovers,1960,-0.7285728443120001,0,-0.23334525466167616,0.3085676403758826,0,0,0,0,-0.8398302772146053,0,0,0,0,0,0,1,0,0,0,0,0,0,0,0,0,0,0,0,0,0
tt0054353,thesundowners,1960,-0.7285728443120001,1,-0.23334525466167616,-0.6733845901952854,0,0,0,0,0.237583565264658,0,0,0,0,0,0,1,0,0,0,0,0,0,0,0,0,0,0,0,0,1
tt0054866,fanny,1961,-1.2398569268632629,0,0.045319730369643096,-0.6733845901952854,0,0,0,0,0.27349736001396674,0,0,0,0,0,0,1,0,0,0,0,0,0,0,0,1,0,0,0,0,0
tt0054953,thegunsofnavarone,1961,-0.04686073424364897,0,-0.13117726804524604,2.2724721015182188,0,1,0,0,1.1354284339973775,1,1,0,0,0,0,1,0,0,0,0,0,0,0,0,0,0,0,0,0,0
tt0054997,thehustler,1961,0.6348513758247022,0,-0.7717811889184106,-0.6733845901952854,1,0,0,0,0.27349736001396674,0,0,0,0,0,0,1,0,0,0,0,0,0,0,0,0,0,1,0,0,0
tt0055031,judgmentatnuremberg,1961,1.3165634858930533,0,-0.5541373251785364,2.2724721015182188,0,0,0,0,1.8896181237328618,0,0,0,0,0,0,1,0,0,0,0,0,0,0,0,0,0,0,0,1,0
tt0055614,westsidestory,1961,0.12356729327343807,0,-0.13117726804524604,-0.6733845901952854,0,0,0,1,0.9558594602508336,0,0,0,0,0,1,1,0,0,0,0,0,0,1,0,0,0,0,0,0,0
tt0056085,howthewestwaswon,1963,-0.7285728443120001,0,0.4716702503666278,2.2724721015182188,0,0,0,0,1.3509112024932302,1,1,0,0,0,0,0,0,0,0,0,0,0,0,0,0,0,0,0,1,0
tt0056172,lawrenceofarabia,1962,1.3165634858930533,1,0.4279455879147794,3.254424332089387,0,1,0,1,3.613480271699683,0,1,0,1,0,0,1,0,0,0,0,0,0,0,0,0,0,0,0,0,0
tt0056197,thelongestday,1962,0.2939953207905266,0,0.18052977603809103,-0.6733845901952854,0,0,0,0,1.8537043289835529,1,0,0,0,0,0,1,0,0,0,1,0,0,0,0,0,0,0,0,0,0
tt0056262,meredithwillsonsthemusicman,1962,0.2939953207905266,0,0.3470452696173063,0.3085676403758826,0,0,0,0,0.884031870752216,0,0,0,0,1,0,0,1,0,0,0,0,0,1,0,0,0,0,0,0,0
tt0056264,mutinyonthebounty,1962,-0.5581448167949116,0,0.5721906082862046,1.2905198709470507,0,0,0,0,1.8537043289835529,0,1,0,0,0,0,1,0,0,0,1,0,0,0,0,0,0,0,0,0,0
tt0056592,tokillamockingbird,1962,1.3165634858930533,0,0.3470452696173063,-0.6733845901952854,0,0,0,0,0.09392838626742288,0,0,0,0,0,1,1,0,0,0,0,0,0,0,0,0,0,0,0,0,0
tt0056825,americaamerica,1963,0.2939953207905266,1,0.4716702503666278,-0.6733845901952854,0,0,0,0,1.710049149986318,0,1,0,0,0,0,1,0,0,0,0,0,0,0,0,0,0,0,0,0,0
tt0056937,cleopatra,1963,-0.8990008718290872,0,1.0846085587989163,0.3085676403758826,0,0,0,0,6.9534631833853995,0,0,0,1,0,0,1,0,0,0,1,0,0,0,0,0,0,0,0,0,0
tt0057012,drstrangeloveorhowilearnedtostopworryingandlovethebomb,1964,1.3165634858930533,0,-0.8658442743415359,-0.6733845901952854,0,0,0,0,-1.1271406352090756,0,0,0,0,1,0,0,0,0,0,0,0,0,0,0,0,0,0,0,1,0
tt0057251,liliesofthefield,1963,-0.04686073424364897,0,0.4716702503666278,-0.6733845901952854,0,0,0,0,-1.1630544299583843,0,0,0,0,1,0,1,0,0,0,0,0,0,0,0,0,0,0,0,0,0
tt0057590,tomjones,1963,-1.9215690369316125,1,0.4716702503666278,-0.6733845901952854,1,0,1,1,0.09392838626742288,0,1,0,0,1,0,0,0,0,0,1,0,0,0,0,0,0,0,0,0,0
tt0057831,zorbathegreek,1964,0.12356729327343807,0,0.49564443791752183,1.2905198709470507,0,0,0,0,0.560807718008437,0,0,0,0,1,0,1,0,0,0,0,0,0,0,0,0,0,0,0,0,0
tt0057877,becket,1964,0.2939953207905266,0,0.49564443791752183,-0.6733845901952854,0,1,0,0,0.7762904865042897,0,0,0,1,0,0,1,0,0,0,1,0,0,0,0,0,0,0,0,0,0
tt0058331,marypoppins,1964,0.46442334830761367,0,-0.13117726804524604,-0.6733845901952854,0,0,0,0,0.45306633376051064,0,0,0,0,1,0,0,1,1,0,0,0,0,0,0,0,0,0,0,0,0
tt0058385,myfairlady,1964,0.2939953207905266,1,0.5043204488264961,0.3085676403758826,1,0,1,1,1.5663939709890828,0,0,0,0,0,0,1,1,0,0,0,0,0,1,0,0,0,0,0,0,0
tt0059084,darling,1965,-0.8990008718290872,0,-0.07301876504527358,-0.6733845901952854,0,0,0,0,0.0580145915181141,0,0,0,0,0,0,1,0,0,0,0,0,0,0,0,1,0,0,0,0,0
tt0059113,doctorzhivago,1965,0.6348513758247022,1,0.4279455879147794,0.3085676403758826,0,1,0,0,2.5360664292204196,0,0,0,0,0,0,1,0,0,0,0,0,0,0,0,1,0,0,0,1,0
tt0059712,shipoffools,1965,-0.7285728443120001,0,-0.07301876504527358,3.254424332089387,0,0,0,0,0.8122042812535984,0,0,0,0,0,0,1,0,0,0,0,0,0,0,0,1,0,0,0,1,0
tt0059742,thesoundofmusic,1965,0.9757074308588762,1,-0.07301876504527358,0.3085676403758826,0,0,1,1,1.6382215604877004,0,0,0,1,0,0,1,1,0,0,0,0,0,0,0,0,0,0,0,0,0
tt0059798,athousandclowns,1965,-0.38771678927782455,0,-0.07301876504527358,-0.6733845901952854,0,0,0,0,-0.3011233559749737,0,0,0,0,1,0,1,0,0,0,0,0,0,0,0,1,0,0,0,0,0
tt0060086,alfie,1966,-0.8990008718290872,0,-1.647472458059659,1.2905198709470507,0,0,0,0,-0.44477853497220876,0,0,0,0,1,0,1,0,0,0,0,0,0,0,0,0,0,0,0,0,0
tt0060665,amanforallseasons,1966,0.2939953207905266,1,-0.8015530556949281,0.3085676403758826,1,1,0,1,-0.2292957664763561,0,0,0,1,0,0,1,0,0,0,1,0,0,0,0,0,0,0,0,0,0
tt0060921,therussiansarecomingtherussiansarecoming,1966,-0.8990008718290872,0,-0.3940420358253845,0.3085676403758826,0,0,1,0,-0.013812997980503455,0,0,0,0,1,0,0,0,0,0,0,0,0,0,0,0,0,0,0,1,0
tt0060934,thesandpebbles,1966,-0.04686073424364897,1,-0.33210225610282923,-0.6733845901952854,0,0,0,0,1.997359507980788,0,1,0,0,0,0,1,0,0,0,0,0,0,0,0,1,0,0,0,0,0
tt0061184,whosafraidofvirginiawoolf,1966,0.8052794033417893,0,-0.33210225610282923,0.3085676403758826,1,0,0,0,0.16575597576604043,0,0,0,0,0,0,1,0,0,0,0,0,0,0,0,0,0,0,0,0,0
tt0061418,bonnieandclyde,1967,0.2939953207905266,0,-0.665390358568569,-0.6733845901952854,0,0,0,0,-0.5525199192201351,1,0,0,1,0,1,0,0,0,0,0,0,0,0,0,0,0,0,0,0,0
tt0061584,doctordolittle,1967,-2.2624250919657882,0,-0.4273445017540701,0.3085676403758826,0,0,0,0,0.9199456655015248,0,1,0,0,1,0,0,1,0,0,0,0,0,0,0,0,0,0,0,0,0
tt0061722,thegraduate,1967,0.8052794033417893,1,-0.4273445017540701,0.3085676403758826,1,0,1,0,-0.732088892966679,0,0,0,0,1,0,1,0,0,0,0,0,0,0,0,1,0,0,0,0,0
tt0061735,guesswhoscomingtodinner,1967,0.46442334830761367,0,-0.4273445017540701,3.254424332089387,0,0,0,0,-0.6602613034680614,0,0,0,0,1,0,1,0,0,0,0,0,0,0,0,0,0,0,0,0,0
tt0061811,intheheatofthenight,1967,0.6348513758247022,0,-0.8015530556949281,0.3085676403758826,0,1,0,1,-0.5884337139694439,0,0,0,0,0,0,1,0,0,0,0,0,0,0,1,0,0,0,1,0,0
tt0062994,funnygirl,1968,-0.217288761760736,1,0.39018906301117984,-0.6733845901952854,0,0,0,0,0.884031870752216,0,0,0,1,1,0,1,0,0,0,0,0,0,0,0,0,0,0,0,0,0
tt0063227,thelioninwinter,1968,0.46442334830761367,0,0.07474397031487434,1.2905198709470507,0,1,0,0,0.27349736001396674,0,0,0,1,0,0,1,0,0,0,1,0,0,0,0,0,0,0,0,0,0
tt0063385,oliver,1968,-0.217288761760736,1,0.07474397031487434,0.3085676403758826,0,0,1,1,0.9558594602508336,0,0,0,0,0,0,1,1,0,0,0,0,0,1,0,0,0,0,0,0,0
tt0063483,rachelrachel,1968,-0.7285728443120001,0,0.07474397031487434,1.2905198709470507,0,0,0,0,-0.9116578667132229,0,0,0,0,0,0,1,0,0,0,0,0,0,0,0,1,0,0,0,0,0
tt0063518,romeoandjuliet,1968,0.12356729327343807,0,-1.3236822626641955,-0.6733845901952854,0,0,0,0,0.41715253901120186,0,0,0,0,0,0,1,0,0,0,0,0,0,0,0,1,0,0,0,0,0
tt0064030,anneofthethousanddays,1969,-0.217288761760736,0,0.119197605825676,-0.6733845901952854,0,1,0,0,0.6685491022563633,0,0,0,1,0,0,1,0,0,0,1,0,0,0,0,0,0,0,0,0,0
tt0064115,butchcassidyandthesundancekid,1969,0.8052794033417893,0,-0.13117726804524604,-0.6733845901952854,1,0,0,0,-0.5884337139694439,0,0,0,1,0,1,1,0,0,0,0,0,0,0,0,0,0,0,0,0,0
tt0064418,hellodolly,1969,-0.8990008718290872,0,0.7396526564062118,1.2905198709470507,0,0,0,0,0.7044628970056721,0,1,0,0,1,0,0,0,0,0,0,0,0,1,0,0,0,0,0,0,0
tt0064665,midnightcowboy,1969,0.46442334830761367,1,0.119197605825676,-0.6733845901952854,1,0,0,1,-0.48069232972151754,0,0,0,0,0,0,1,0,0,0,0,0,0,0,0,0,0,0,0,0,0
tt0065234,z,1969,0.9757074308588762,0,0.119197605825676,-0.6733845901952854,0,0,0,0,0.022100796768805324,0,0,0,0,0,1,1,0,0,0,0,0,0,0,0,0,0,0,1,0,0
tt0065377,airport,1970,-1.5807129818974384,0,0.18052977603809103,3.254424332089387,0,0,0,0,0.3812387442618931,1,0,0,0,0,0,1,0,0,0,0,0,0,0,0,0,0,0,1,0,0
tt0065724,fiveeasypieces,1970,-0.217288761760736,0,-0.9377157375662403,-0.6733845901952854,0,0,0,0,-1.0193992509611491,0,0,0,0,0,0,1,0,0,0,0,0,0,0,0,0,0,0,0,0,0
tt0066011,lovestory,1970,-1.0694288993461742,0,-0.7433945711859299,0.3085676403758826,0,1,0,0,-0.9475716614625317,0,0,0,0,0,0,1,0,0,0,0,0,0,0,0,1,0,0,0,0,0
tt0066026,mash,1970,-0.38771678927782455,0,-0.04002681504583684,-0.6733845901952854,0,0,1,0,-0.3729509454735912,0,0,0,0,1,0,1,0,0,0,0,0,0,0,0,0,0,0,0,1,0
tt0066206,patton,1970,0.6348513758247022,1,0.32155471882194003,0.3085676403758826,0,0,0,1,1.6382215604877004,0,0,0,1,0,0,1,0,0,0,0,0,0,0,0,0,0,0,0,1,0
tt0066921,aclockworkorange,1971,1.1461354583759633,0,-0.7433945711859299,-0.6733845901952854,0,0,0,0,0.3453249495125843,0,0,0,0,0,1,0,0,0,0,0,0,0,0,0,0,1,0,0,0,0
tt0067093,fiddlerontheroof,1971,0.8052794033417893,0,-0.31628819950583187,-0.6733845901952854,0,0,1,0,1.9614457132314793,0,0,0,0,0,0,1,1,0,0,0,0,0,1,0,0,0,0,0,0,0
tt0067116,thefrenchconnection,1971,0.2939953207905266,1,-0.8658442743415359,-0.6733845901952854,0,1,0,1,-0.8039164824652966,1,0,0,0,0,1,1,0,0,0,0,0,0,0,0,0,0,0,0,0,0
tt0067328,thelastpictureshow,1971,0.8052794033417893,0,-1.0644177139516302,-0.6733845901952854,0,0,0,0,-0.3011233559749737,0,0,0,0,0,0,1,0,0,0,0,0,0,0,0,1,0,0,0,0,0
tt0067483,nicholasandalexandra,1971,-0.5581448167949116,1,-0.31628819950583187,-0.6733845901952854,0,0,0,0,2.033273302730097,0,0,0,1,0,0,1,0,0,0,1,0,0,0,0,0,0,0,0,0,0
tt0067919,theemigrants,1972,0.8052794033417893,0,-0.3756339742675173,-0.6733845901952854,0,0,0,0,0.884031870752216,0,0,0,0,0,0,1,0,0,0,1,0,0,0,0,0,0,0,0,0,0
tt0068327,cabaret,1972,0.46442334830761367,1,-0.29330997936315584,-0.6733845901952854,1,0,1,0,-0.08564058747912101,0,0,0,0,0,0,1,0,0,0,0,0,1,1,0,0,0,0,0,0,0
tt0068473,deliverance,1972,0.12356729327343807,0,-0.8015530556949281,-0.6733845901952854,0,0,0,0,-0.6243475087187527,0,1,0,0,0,0,1,0,0,0,0,0,0,0,0,0,0,0,1,0,0
tt0068646,thegodfather,1972,2.8504157335468396,0,-0.13117726804524604,0.3085676403758826,0,1,0,1,1.7459629447356266,0,0,0,0,0,1,1,0,0,0,0,0,0,0,0,0,0,0,0,0,0
tt0069303,sounder,1972,-0.04686073424364897,0,-0.3756339742675173,-0.6733845901952854,0,0,0,0,-0.7680026877159878,0,0,0,0,0,0,1,1,0,0,0,0,0,0,0,0,0,0,0,0,0
tt0069467,criesandwhispers,1973,0.6348513758247022,0,-0.07789205622488317,-0.6733845901952854,0,0,0,0,-1.2348820194570018,0,0,0,0,0,0,1,0,0,0,0,0,0,0,0,0,0,0,0,0,0
tt0069704,americangraffiti,1973,-0.217288761760736,0,-1.380048626252733,-0.6733845901952854,0,0,1,0,-0.5884337139694439,0,0,0,0,1,0,1,0,0,0,0,0,0,0,0,0,0,0,0,0,0
tt0070047,theexorcist,1973,0.9757074308588762,1,0.29178283993823606,-0.6733845901952854,0,1,0,0,-0.15746817697773857,0,0,0,0,0,0,0,0,0,0,0,1,0,0,0,0,0,0,0,0,0
tt0070735,thesting,1973,1.3165634858930533,1,-0.18427182062447647,-0.6733845901952854,0,0,0,1,0.09392838626742288,0,0,0,0,1,1,1,0,0,0,0,0,0,0,0,0,0,0,0,0,0
tt0070819,atouchofclass,1973,-1.7511410094145254,0,-0.07789205622488317,0.3085676403758826,0,0,0,0,-0.732088892966679,0,0,0,0,1,0,0,0,0,0,0,0,0,0,0,1,0,0,0,0,0
tt0071315,chinatown,1974,0.9757074308588762,0,-0.13117726804524604,-0.6733845901952854,1,1,0,0,0.12984218101673164,0,0,0,0,0,0,1,0,0,0,0,0,0,0,1,0,0,0,1,0,0
tt0071360,theconversation,1974,0.2939953207905266,1,-0.9377157375662403,0.3085676403758826,0,0,0,0,-0.48069232972151754,0,0,0,0,0,0,1,0,0,0,0,0,0,0,1,0,0,0,1,0,0
tt0071562,thegodfatherpartii,1974,2.5095596785126655,1,0.3406250982482902,-0.6733845901952854,0,0,0,1,2.7156354029669636,0,0,0,0,0,1,1,0,0,0,0,0,0,0,0,0,0,0,0,0,0
tt0071746,lenny,1974,-0.04686073424364897,1,-0.052749429725693624,-0.6733845901952854,0,0,0,0,-0.5525199192201351,0,0,0,1,0,0,1,0,0,0,0,0,0,0,0,0,0,0,0,0,0
tt0072308,thetoweringinferno,1974,-0.8990008718290872,0,0.38584596652579284,1.2905198709470507,0,0,0,0,1.3868249972425388,1,0,0,0,0,0,1,0,0,0,0,0,0,0,0,0,0,0,1,0,0
tt0072684,barrylyndon,1975,0.9757074308588762,0,0.23868828273626072,-0.6733845901952854,0,0,0,0,2.105100892228714,0,1,0,0,0,0,1,0,0,0,0,0,0,0,0,0,0,0,0,1,0
tt0072890,dogdayafternoon,1975,0.8052794033417893,0,-0.40989233906408307,-0.6733845901952854,0,0,0,0,-0.04972679272981223,0,0,0,1,0,1,1,0,0,0,0,0,0,0,0,0,0,0,0,0,0
tt0073195,jaws,1975,0.9757074308588762,0,0.11623853027138835,-0.6733845901952854,0,0,0,0,-0.08564058747912101,0,1,0,0,0,0,1,0,0,0,0,1,0,0,0,0,0,0,0,0,0
tt0073440,nashville,1975,0.12356729327343807,0,-0.7433945711859299,-0.6733845901952854,0,0,0,0,1.207256023495995,0,0,0,0,1,0,1,0,0,0,0,0,1,0,0,0,0,0,0,0,0
tt0073486,oneflewoverthecuckoosnest,1975,1.9982755959614016,1,-0.5541373251785364,-0.6733845901952854,1,1,0,1,0.237583565264658,0,0,0,0,0,0,1,0,0,0,0,0,0,0,0,0,0,0,0,0,0
tt0074119,allthepresidentsmen,1976,0.6348513758247022,0,0.08136032588707408,0.3085676403758826,0,0,0,0,0.41715253901120186,0,0,0,0,0,0,1,0,0,0,1,0,0,0,0,0,0,0,1,0,0
tt0074235,boundforglory,1976,-0.5581448167949116,0,-0.19752652949048974,-0.6733845901952854,0,0,0,0,0.7403766917549809,0,0,0,1,0,0,1,0,0,0,0,0,1,0,0,0,0,0,0,0,0
tt0074958,network,1976,0.9757074308588762,0,-0.40989233906408307,0.3085676403758826,0,0,0,0,-0.19338197172704735,0,0,0,0,0,0,1,0,0,0,0,0,0,0,0,0,0,0,0,0,0
tt0075148,rocky,1976,0.9757074308588762,1,-1.2245129094275815,-0.6733845901952854,0,1,0,1,-0.2292957664763561,0,0,0,0,0,0,1,0,0,0,0,0,0,0,0,0,0,1,0,0,0
tt0075314,taxidriver,1976,1.1461354583759633,0,-0.8328523373182208,0.3085676403758826,0,0,0,0,-0.44477853497220876,0,0,0,0,0,1,1,0,0,0,0,0,0,0,0,0,0,0,0,0,0
tt0075686,anniehall,1977,0.6348513758247022,1,-0.3785930494118165,-0.6733845901952854,1,0,0,1,-1.1989682247076932,0,0,0,0,1,0,0,0,0,0,0,0,0,0,0,1,0,0,0,0,0
tt0076095,thegoodbyegirl,1977,-0.217288761760736,0,-0.13756688057956118,-0.6733845901952854,0,0,1,0,-0.5525199192201351,0,0,0,0,1,0,1,0,0,0,0,0,0,0,0,1,0,0,0,0,0
tt0076245,julia,1977,-0.7285728443120001,1,-0.13756688057956118,2.2724721015182188,1,0,0,0,-0.3370371507242825,0,0,0,0,0,0,1,0,0,0,0,0,0,0,0,0,0,0,0,0,0
tt0076759,starwars,1977,1.8278475684443145,0,0.23868828273626072,0.3085676403758826,0,0,0,0,-0.19338197172704735,1,1,0,0,0,0,0,0,1,0,0,0,0,0,0,0,0,0,0,0,0
tt0076843,theturningpoint,1977,-1.2398569268632629,0,-0.13756688057956118,0.3085676403758826,0,1,0,0,-0.2652095612256649,0,0,0,0,0,0,1,0,0,0,0,0,1,0,0,1,0,0,0,0,0
tt0077362,cominghome,1978,-0.38771678927782455,0,0.290328244558769,0.3085676403758826,0,0,0,0,0.022100796768805324,0,0,0,0,0,0,1,0,0,0,0,0,0,0,0,1,0,0,0,1,0
tt0077416,thedeerhunter,1978,0.9757074308588762,1,0.4279455879147794,0.3085676403758826,0,0,0,1,2.033273302730097,0,0,0,0,0,0,1,0,0,0,0,0,0,0,0,0,0,0,0,1,0
tt0077663,heavencanwait,1978,-1.0694288993461742,0,0.290328244558769,0.3085676403758826,0,0,1,0,-0.9116578667132229,0,0,0,0,1,0,0,0,1,0,0,0,0,0,0,1,0,0,0,0,0
tt0077928,midnightexpress,1978,-0.04686073424364897,0,-0.716270005544162,-0.6733845901952854,0,1,0,0,-0.19338197172704735,0,0,0,1,0,1,1,0,0,0,0,0,0,0,0,0,0,0,0,0,0
tt0078444,anunmarriedwoman,1978,-0.5581448167949116,0,0.290328244558769,-0.6733845901952854,0,0,0,0,-0.08564058747912101,0,0,0,0,1,0,1,0,0,0,0,0,0,0,0,1,0,0,0,0,0
tt0078754,allthatjazz,1979,0.46442334830761367,1,0.29178283993823606,-0.6733845901952854,0,0,1,0,-0.12155438222842979,0,0,0,0,0,0,1,0,0,0,0,0,1,1,0,0,0,0,0,0,0
tt0078788,apocalypsenow,1979,1.4869915134101404,1,0.8806776067449485,1.2905198709470507,0,0,0,0,0.7403766917549809,0,0,0,0,0,0,1,0,0,0,0,0,0,0,1,0,0,0,0,1,0
tt0078902,breakingaway,1979,0.2939953207905266,0,0.3043647799873042,-0.6733845901952854,0,0,0,0,-0.9116578667132229,0,0,0,0,1,0,1,0,0,0,0,0,0,0,0,0,0,1,0,0,0
tt0079417,kramervskramer,1979,0.46442334830761367,1,0.04436703314656808,-0.6733845901952854,0,1,0,1,-0.7680026877159878,0,0,0,0,0,0,1,0,0,0,0,0,0,0,0,0,0,0,0,0,0
tt0079638,normarae,1979,-0.38771678927782455,0,0.3043647799873042,-0.6733845901952854,0,0,0,0,-0.44477853497220876,0,0,0,0,0,0,1,0,0,0,0,0,0,0,0,0,0,0,0,0,0
tt0080009,tess,1980,-0.38771678927782455,0,0.3106967370544863,-0.6733845901952854,0,0,0,0,2.141014686978023,0,0,0,0,0,0,1,0,0,0,0,0,0,0,0,1,0,0,0,0,0
tt0080388,atlanticcity,1981,-0.38771678927782455,0,-0.01992421092512854,0.3085676403758826,0,0,0,0,-0.8039164824652966,0,0,0,0,0,1,1,0,0,0,0,0,0,0,0,1,0,0,0,0,0
tt0080549,coalminersdaughter,1980,-0.04686073424364897,0,0.3106967370544863,-0.6733845901952854,0,0,1,0,-0.08564058747912101,0,0,0,1,0,0,1,0,0,0,0,0,1,0,0,0,0,0,0,0,0
tt0080678,theelephantman,1980,1.1461354583759633,0,-0.2424303217753514,1.2905198709470507,1,0,0,0,-0.08564058747912101,0,0,0,1,0,0,1,0,0,0,0,0,0,0,0,0,0,0,0,0,0
tt0081283,ordinarypeople,1980,0.2939953207905266,1,-0.11116883868950905,-0.6733845901952854,0,1,0,1,-0.08564058747912101,0,0,0,0,0,0,1,0,0,0,0,0,0,0,0,0,0,0,0,0,0
tt0081398,ragingbull,1980,0.9757074308588762,0,0.5391986552049365,0.3085676403758826,0,0,0,0,0.09392838626742288,0,0,0,1,0,0,1,0,0,0,0,0,0,0,0,0,0,1,0,0,0
tt0082158,chariotsoffire,1981,-0.7285728443120001,0,-0.18427182062447647,-0.6733845901952854,0,0,0,1,-0.04972679272981223,0,0,0,1,0,0,1,0,0,0,0,0,0,0,0,0,0,1,0,0,0
tt0082846,ongoldenpond,1981,0.12356729327343807,0,0.3378022598605549,4.2363765626605545,0,1,0,0,-0.6243475087187527,0,0,0,0,0,0,1,0,0,0,0,0,0,0,0,0,0,0,0,0,0
tt0082971,raidersofthelostark,1981,1.4869915134101404,0,0.5391986552049365,-0.6733845901952854,0,0,0,0,-0.4088647402229,1,1,0,0,0,0,0,0,0,0,0,0,0,0,0,0,0,0,0,0,0
tt0082979,reds,1981,-0.38771678927782455,1,0.3378022598605549,1.2905198709470507,0,0,0,0,2.4642388397218022,0,0,0,1,0,0,1,0,0,0,1,0,0,0,0,0,0,0,0,0,0
tt0083866,ettheextraterrestrial,1982,0.6348513758247022,0,0.21030165443750695,-0.6733845901952854,0,1,0,0,-0.4088647402229,0,1,0,0,0,0,0,1,0,0,0,0,0,0,0,0,1,0,0,0,0
tt0083987,gandhi,1982,0.8052794033417893,1,0.6616484138334695,1.2905198709470507,1,0,0,1,2.320583660724567,0,0,0,1,0,0,1,0,0,0,1,0,0,0,0,0,0,0,0,0,0
tt0084335,missing,1982,0.2939953207905266,0,0.42884892262156443,2.2724721015182188,0,0,0,0,-0.15746817697773857,0,0,0,1,0,0,1,0,0,0,1,0,0,0,0,0,0,0,0,0,0
tt0084805,tootsie,1982,-0.217288761760736,0,0.6332617842139314,0.3085676403758826,0,0,1,0,-0.3729509454735912,0,0,0,0,1,0,1,0,0,0,0,0,0,0,0,1,0,0,0,0,0
tt0084855,theverdict,1982,0.2939953207905266,0,0.46732715384260054,-0.6733845901952854,0,0,0,0,0.09392838626742288,0,0,0,0,0,0,1,0,0,0,0,0,0,0,0,0,0,0,0,0,0
tt0085244,thebigchill,1983,-0.7285728443120001,0,0.04436703314656808,-0.6733845901952854,0,0,0,0,-0.7680026877159878,0,0,0,0,1,0,1,0,0,0,0,0,0,0,0,0,0,0,0,0,0
tt0085461,thedresser,1983,-0.04686073424364897,0,0.48610409646204655,-0.6733845901952854,0,0,0,0,-0.3011233559749737,0,0,0,0,0,0,1,0,0,0,0,0,0,0,0,0,0,0,0,0,0
tt0086197,therightstuff,1983,0.46442334830761367,0,0.7866144761216608,-0.6733845901952854,0,0,0,0,2.3924112502231845,0,1,0,1,0,0,1,0,0,0,0,0,0,0,0,0,0,0,0,0,0
tt0086423,tendermercies,1983,-0.38771678927782455,0,0.48610409646204655,-0.6733845901952854,0,0,0,0,-1.2348820194570018,0,0,0,0,0,0,1,0,0,0,0,0,1,0,0,0,0,0,0,0,0
tt0086425,termsofendearment,1983,-0.217288761760736,1,0.48610409646204655,0.3085676403758826,0,1,0,1,0.2016697705153492,0,0,0,0,1,0,1,0,0,0,0,0,0,0,0,0,0,0,0,0,0
tt0086879,amadeus,1984,1.4869915134101404,1,0.5391986552049365,-0.6733845901952854,0,1,0,1,1.207256023495995,0,0,0,1,0,0,1,0,0,0,0,0,1,0,0,0,0,0,0,0,0
tt0087553,thekillingfields,1984,0.46442334830761367,0,0.43803180901257566,-0.6733845901952854,1,0,0,0,0.5248939232591282,0,0,0,1,0,0,1,0,0,0,1,0,0,0,0,0,0,0,0,0,0
tt0087892,apassagetoindia,1984,-0.38771678927782455,1,0.43803180901257566,0.3085676403758826,0,0,0,0,1.3509112024932302,0,1,0,0,0,0,1,0,0,0,1,0,0,0,0,0,0,0,0,0,0
tt0087921,placesintheheart,1984,-0.217288761760736,1,0.1492304815684391,0.3085676403758826,0,0,0,0,-0.5525199192201351,0,0,0,0,0,0,1,0,0,0,0,0,0,0,0,0,0,0,0,0,0
tt0088146,asoldiersstory,1984,-0.5581448167949116,0,0.43803180901257566,-0.6733845901952854,0,0,0,0,-0.9116578667132229,0,0,0,0,0,1,1,0,0,0,0,0,0,0,1,0,0,0,0,0,0
tt0088939,thecolorpurple,1985,0.2939953207905266,0,0.4279455879147794,-0.6733845901952854,0,0,0,0,0.9917732550001424,0,0,0,0,0,0,1,0,0,0,0,0,0,0,0,0,0,0,0,0,0
tt0089424,kissofthespiderwoman,1985,-0.38771678927782455,0,-0.9770972806114834,-0.6733845901952854,0,0,0,0,-0.2292957664763561,0,0,0,0,0,0,1,0,0,0,0,0,0,0,0,0,0,0,0,0,0
tt0089755,outofafrica,1985,-0.7285728443120001,1,0.8709141583886443,1.2905198709470507,0,1,0,1,1.2431698182453037,0,0,0,1,0,0,1,0,0,0,0,0,0,0,0,1,0,0,0,0,0
tt0089841,prizzishonor,1985,-1.4102849543803497,1,0.312883845039044,1.2905198709470507,0,0,1,0,0.12984218101673164,0,0,0,0,1,1,1,0,0,0,0,0,0,0,0,0,0,0,0,0,0
tt0090329,witness,1985,-0.38771678927782455,0,0.29178283993823606,-0.6733845901952854,0,0,0,0,-0.5166061244708263,0,0,0,0,0,0,1,0,0,0,0,0,0,0,0,1,0,0,1,0,0
tt0090830,childrenofalessergod,1986,-0.5581448167949116,0,0.3980072670876036,0.3085676403758826,0,0,0,0,-0.2652095612256649,0,0,0,0,0,0,1,0,0,0,0,0,0,0,0,1,0,0,0,0,0
tt0091167,hannahandhersisters,1986,0.46442334830761367,1,0.3980072670876036,-0.6733845901952854,0,0,1,0,-0.6961750982173702,0,0,0,0,1,0,1,0,0,0,0,0,0,0,0,0,0,0,0,0,0
tt0091530,themission,1986,-0.217288761760736,0,0.48610409646204655,1.2905198709470507,0,0,0,0,-0.04972679272981223,0,1,0,0,0,0,1,0,0,0,1,0,0,0,0,0,0,0,0,0,0
tt0091763,platoon,1986,0.9757074308588762,1,-0.13117726804524604,-0.6733845901952854,0,1,0,1,-0.2292957664763561,0,0,0,0,0,0,1,0,0,0,0,0,0,0,0,0,0,0,0,1,0
tt0091867,aroomwithaview,1986,-0.5581448167949116,0,-0.716270005544162,1.2905198709470507,1,0,0,0,-0.3370371507242825,0,0,0,0,0,0,1,0,0,0,0,0,0,0,0,1,0,0,0,0,0
tt0092699,broadcastnews,1987,-0.38771678927782455,1,0.6034899043616535,2.2724721015182188,0,0,0,0,0.237583565264658,0,0,0,0,1,0,1,0,0,0,0,0,0,0,0,1,0,0,0,0,0
tt0093010,fatalattraction,1987,-1.0694288993461742,0,0.38584596652579284,-0.6733845901952854,0,0,0,0,-0.2652095612256649,0,0,0,0,0,0,1,0,0,0,0,0,0,0,0,0,0,0,1,0,0
tt0093209,hopeandglory,1987,-0.38771678927782455,0,0.4384318106549847,-0.6733845901952854,0,0,1,0,-0.48069232972151754,0,0,0,0,1,0,1,0,0,0,0,0,0,0,0,1,0,0,0,0,0
tt0093389,thelastemperor,1987,0.2939953207905266,1,0.7096366464930504,-0.6733845901952854,1,1,0,1,1.3149974077439213,0,0,0,1,0,0,1,0,0,0,1,0,0,0,0,0,0,0,0,0,0
tt0093565,moonstruck,1987,-0.5581448167949116,0,0.4279455879147794,-0.6733845901952854,0,0,0,0,-0.8757440719639141,0,0,0,0,1,0,1,0,0,0,0,0,0,0,0,1,0,0,0,0,0
tt0094606,theaccidentaltourist,1988,-1.4102849543803497,0,0.4279455879147794,0.3085676403758826,0,0,0,0,-0.19338197172704735,0,0,0,0,1,0,1,0,0,0,0,0,0,0,0,1,0,0,0,0,0
tt0094947,dangerousliaisons,1988,-0.04686073424364897,0,0.44652077727822614,-0.6733845901952854,0,0,0,0,-0.2652095612256649,0,0,0,0,0,0,1,0,0,0,0,0,0,0,0,1,0,0,0,0,0
tt0095647,mississippiburning,1988,0.46442334830761367,0,0.4279455879147794,0.3085676403758826,0,0,0,0,0.0580145915181141,0,0,0,0,0,1,1,0,0,0,0,0,0,0,1,0,0,0,0,0,0
tt0095953,rainman,1988,0.8052794033417893,1,0.7396526564062118,0.3085676403758826,0,1,0,1,0.237583565264658,0,0,0,0,0,0,1,0,0,0,0,0,0,0,0,0,0,0,0,0,0
tt0096463,workinggirl,1988,-1.2398569268632629,1,0.44652077727822614,-0.6733845901952854,0,0,1,0,-0.48069232972151754,0,0,0,0,1,0,1,0,0,0,0,0,0,0,0,1,0,0,0,0,0
tt0096969,bornonthefourthofjuly,1989,-0.5581448167949116,1,0.53238067936344,-0.6733845901952854,0,1,0,0,0.6685491022563633,0,0,0,1,0,0,1,0,0,0,0,0,0,0,0,0,0,0,0,1,0
tt0097165,deadpoetssociety,1989,0.9757074308588762,0,0.4823946474303958,-0.6733845901952854,1,0,0,0,0.0580145915181141,0,0,0,0,1,0,1,0,0,0,0,0,0,0,0,0,0,0,0,0,0
tt0097239,drivingmissdaisy,1989,-0.38771678927782455,0,0.0049854697612576266,-0.6733845901952854,0,0,1,1,-0.9834854562118405,0,0,0,0,1,0,1,0,0,0,0,0,0,0,0,0,0,0,0,0,0
tt0097351,fieldofdreams,1989,-0.04686073424364897,0,0.6315644187396595,0.3085676403758826,0,0,0,0,-0.6961750982173702,0,0,0,0,0,0,1,1,1,0,0,0,0,0,0,0,0,0,0,0,0
tt0097937,myleftfoot,1989,0.46442334830761367,0,-1.5362195873899411,-0.6733845901952854,0,0,0,0,-0.8398302772146053,0,0,0,1,0,0,1,0,0,0,0,0,0,0,0,0,0,0,0,0,0
tt0099077,awakenings,1990,0.46442334830761367,0,0.8709141583886443,1.2905198709470507,0,0,0,0,-0.19338197172704735,0,0,0,1,0,0,1,0,0,0,0,0,0,0,0,0,0,0,0,0,0
tt0099348,danceswithwolves,1990,0.8052794033417893,1,0.6616484138334695,-0.6733845901952854,0,1,0,1,1.9614457132314793,0,1,0,0,0,0,1,0,0,0,0,0,0,0,0,0,0,0,0,0,1
tt0099653,ghost,1990,-0.7285728443120001,0,0.6616484138334695,-0.6733845901952854,0,0,0,0,-0.013812997980503455,0,0,0,0,0,0,1,0,1,0,0,0,0,0,0,1,0,0,0,0,0
tt0099674,thegodfatherpartiii,1990,0.12356729327343807,1,1.2095746236553,0.3085676403758826,0,0,0,0,1.2790836129946126,0,0,0,0,0,1,1,0,0,0,0,0,0,0,0,0,0,0,0,0,0
tt0099685,goodfellas,1990,1.9982755959614016,0,0.7396526564062118,1.2905198709470507,1,0,0,0,0.6685491022563633,0,0,0,1,0,1,1,0,0,0,0,0,0,0,0,0,0,0,0,0,0
tt0101414,beautyandthebeast,1991,0.8052794033417893,0,0.7396526564062118,-0.6733845901952854,0,1,1,0,-1.522192377451472,0,0,1,0,0,0,0,1,1,0,0,0,0,0,0,0,0,0,0,0,0
tt0101516,bugsy,1991,-1.2398569268632629,1,0.7876180988825485,0.3085676403758826,0,1,0,0,0.3453249495125843,0,0,0,1,0,1,1,0,0,0,0,0,0,0,0,0,0,0,0,0,0
tt0102138,jfk,1991,0.8052794033417893,1,0.7876180988825485,2.2724721015182188,0,0,0,0,2.2487560712259493,0,0,0,0,0,0,1,0,0,0,1,0,0,0,0,0,0,0,1,0,0
tt0102713,theprinceoftides,1991,-1.2398569268632629,0,0.7876180988825485,0.3085676403758826,0,0,0,0,0.2016697705153492,0,0,0,0,0,0,1,0,0,0,0,0,0,0,0,1,0,0,0,0,0
tt0102926,thesilenceofthelambs,1991,1.8278475684443145,1,0.5721906082862046,0.3085676403758826,0,0,0,1,-0.3011233559749737,0,0,0,0,0,1,1,0,0,0,0,1,0,0,0,0,0,0,0,0,0
tt0104036,thecryinggame,1992,-0.5581448167949116,0,0.7729014832809092,-0.6733845901952854,0,0,0,0,-0.5166061244708263,0,0,0,0,0,1,1,0,0,0,0,0,0,0,0,1,0,0,0,0,0
tt0104257,afewgoodmen,1992,0.2939953207905266,0,0.7729014832809092,1.2905198709470507,0,0,0,0,0.41715253901120186,0,0,0,0,0,0,1,0,0,0,0,0,0,0,0,0,0,0,1,0,0
tt0104454,howardsend,1992,-0.217288761760736,0,0.7729014832809092,1.2905198709470507,1,0,0,0,0.560807718008437,0,0,0,0,0,0,1,0,0,0,0,0,0,0,0,1,0,0,0,0,0
tt0105323,scentofawoman,1992,0.8052794033417893,0,0.8709141583886443,-0.6733845901952854,0,1,0,0,1.06360084449876,0,0,0,0,0,0,1,0,0,0,0,0,0,0,0,0,0,0,0,0,0
tt0105695,unforgiven,1992,1.1461354583759633,1,0.40303590553338603,0.3085676403758826,0,0,0,1,0.12984218101673164,0,0,0,0,0,0,1,0,0,0,0,0,0,0,0,0,0,0,0,0,1
tt0106977,thefugitive,1993,0.46442334830761367,0,1.0846085587989163,-0.6733845901952854,0,0,0,0,0.12984218101673164,1,0,0,0,0,1,1,0,0,0,0,0,0,0,0,0,0,0,0,0,0
tt0107207,inthenameofthefather,1993,0.9757074308588762,0,0.8338901054419378,0.3085676403758826,0,0,0,0,0.237583565264658,0,0,0,1,0,1,1,0,0,0,0,0,0,0,0,0,0,0,0,0,0
tt0107822,thepiano,1993,-0.04686073424364897,0,0.8338901054419378,-0.6733845901952854,0,0,0,0,-0.19338197172704735,0,0,0,0,0,0,1,0,0,0,0,0,1,0,0,1,0,0,0,0,0
tt0107943,theremainsoftheday,1993,0.46442334830761367,0,0.8338901054419378,1.2905198709470507,0,0,0,0,0.27349736001396674,0,0,0,0,0,0,1,0,0,0,0,0,0,0,0,1,0,0,0,0,0
tt0108052,schindlerslist,1993,2.5095596785126655,1,0.7396526564062118,0.3085676403758826,1,1,0,1,2.4642388397218022,0,0,0,1,0,0,1,0,0,0,1,0,0,0,0,0,0,0,0,0,0
tt0109830,forrestgump,1994,2.1687036234784918,1,1.220771314171854,2.2724721015182188,0,1,0,1,0.560807718008437,0,0,0,0,0,0,1,0,0,0,0,0,0,0,0,1,0,0,0,0,0
tt0109831,fourweddingsandafuneral,1994,-0.7285728443120001,0,1.0168403610172303,-0.6733845901952854,1,0,0,0,-0.3370371507242825,0,0,0,0,1,0,1,0,0,0,0,0,0,0,0,1,0,0,0,0,0
tt0110877,thepostmanilpostino,1995,0.46442334830761367,0,0.9209665384921908,-0.6733845901952854,0,0,0,0,-0.6602613034680614,0,0,0,1,1,0,1,0,0,0,0,0,0,0,0,0,0,0,0,0,0
tt0110912,pulpfiction,1994,2.339131650995579,0,0.04436703314656808,-0.6733845901952854,0,0,0,0,0.9917732550001424,0,0,0,0,0,1,1,0,0,0,0,0,0,0,0,0,0,0,0,0,0
tt0110932,quizshow,1994,-0.04686073424364897,1,0.8709141583886443,0.3085676403758826,0,0,0,0,0.237583565264658,0,0,0,1,0,0,1,0,0,0,1,0,0,0,0,0,0,0,0,0,0
tt0111161,theshawshankredemption,1994,3.02084376106393,0,0.7396526564062118,-0.6733845901952854,0,0,0,0,0.560807718008437,0,0,0,0,0,0,1,0,0,0,0,0,0,0,0,0,0,0,0,0,0
tt0112384,apollo13,1995,0.2939953207905266,0,1.293874307380355,1.2905198709470507,0,0,0,0,0.4889801285098194,0,1,0,0,0,0,1,0,0,0,1,0,0,0,0,0,0,0,0,0,0
tt0112431,babe,1995,-1.0694288993461742,0,0.9209665384921908,-0.6733845901952854,0,0,1,0,-1.2707958142063107,0,0,0,0,1,0,1,1,0,0,0,0,0,0,0,0,0,0,0,0,0
tt0112573,braveheart,1995,1.3165634858930533,1,1.3227081365113234,-0.6733845901952854,0,0,0,1,1.8537043289835529,0,0,0,1,0,0,1,0,0,0,0,0,0,0,0,0,0,0,0,1,0
tt0114388,senseandsensibility,1995,0.2939953207905266,0,0.9209665384921908,0.3085676403758826,1,1,0,0,0.3453249495125843,0,0,0,0,0,0,1,0,0,0,0,0,0,0,0,1,0,0,0,0,0
tt0116209,theenglishpatient,1996,-0.217288761760736,1,0.8302189147218495,-0.6733845901952854,1,1,0,1,1.2790836129946126,0,0,0,0,0,0,1,0,0,0,0,0,0,0,0,1,0,0,0,1,0
tt0116282,fargo,1996,0.9757074308588762,0,-0.03711414872200377,-0.6733845901952854,0,0,0,0,-1.0193992509611491,0,0,0,0,0,1,1,0,0,0,0,0,0,0,0,0,0,0,1,0,0
tt0116695,jerrymaguire,1996,-0.38771678927782455,0,1.1626128030358494,-0.6733845901952854,0,0,0,0,0.45306633376051064,0,0,0,0,1,0,1,0,0,0,0,0,0,0,0,1,0,0,0,0,0
tt0117589,secretslies,1996,0.8052794033417893,0,-0.30672156076202767,-0.6733845901952854,0,0,0,0,0.3453249495125843,0,0,0,0,1,0,1,0,0,0,0,0,0,0,0,0,0,0,0,0,0
tt0117631,shine,1996,0.12356729327343807,0,1.1389730523112167,-0.6733845901952854,0,0,0,0,-0.7680026877159878,0,0,0,1,0,0,1,0,0,0,0,0,1,0,0,0,0,0,0,0,0
tt0118799,lifeisbeautiful,1998,1.8278475684443145,0,0.5721906082862046,-0.6733845901952854,0,0,0,0,-0.3729509454735912,0,0,0,0,1,0,1,0,0,0,0,0,0,0,0,1,0,0,0,0,0
tt0119164,thefullmonty,1997,-0.5581448167949116,0,-0.46007422038391876,-0.6733845901952854,0,0,0,0,-1.2707958142063107,0,0,0,0,1,0,1,0,0,0,0,0,0,0,0,0,0,0,0,0,0
tt0119217,goodwillhunting,1997,1.3165634858930533,0,0.18052977603809103,-0.6733845901952854,0,0,0,0,-0.013812997980503455,0,0,0,0,0,0,1,0,0,0,0,0,0,0,0,1,0,0,0,0,0
tt0119488,laconfidential,1997,1.1461354583759633,0,1.075292308988419,0.3085676403758826,0,0,0,0,0.41715253901120186,0,0,0,0,0,1,1,0,0,0,0,0,0,0,1,0,0,0,0,0,0
tt0119822,asgoodasitgets,1997,0.2939953207905266,1,1.1626128030358494,2.2724721015182188,0,0,1,0,0.45306633376051064,0,0,0,0,1,0,1,0,0,0,0,0,0,0,0,1,0,0,0,0,0
tt0120338,titanic,1997,0.6348513758247022,1,2.0085331115501823,0.3085676403758826,1,1,0,1,2.4283250449724934,0,0,0,0,0,0,1,0,0,0,0,0,0,0,0,1,0,0,0,0,0
tt0120689,thegreenmile,1999,1.8278475684443145,0,1.2738658750720264,1.2905198709470507,0,0,0,0,2.2487560712259493,0,0,0,0,0,1,1,0,1,0,0,0,0,0,0,0,0,0,0,0,0
tt0120737,thelordoftheringsthefellowshipofthering,2001,2.339131650995579,0,1.5412901363164666,-0.6733845901952854,1,0,0,0,1.8537043289835529,0,1,0,0,0,0,1,0,1,0,0,0,0,0,0,0,0,0,0,0,0
tt0120815,savingprivateryan,1998,1.8278475684443145,1,1.3679290074710335,1.2905198709470507,0,1,0,0,1.530480176239774,0,0,0,0,0,0,1,0,0,0,0,0,0,0,0,0,0,0,0,1,0
tt0120863,thethinredline,1998,0.12356729327343807,0,1.18654538071167,-0.6733845901952854,0,0,0,0,1.5663939709890828,0,0,0,0,0,0,1,0,0,0,1,0,0,0,0,0,0,0,0,1,0
tt0124315,theciderhouserules,1999,-0.217288761760736,0,0.7147429733468178,0.3085676403758826,0,0,0,0,-0.013812997980503455,0,0,0,0,0,0,1,0,0,0,0,0,0,0,0,1,0,0,0,0,0
tt0127536,elizabeth,1998,-0.217288761760736,0,1.2053223241312092,-0.6733845901952854,0,0,0,0,-0.08564058747912101,0,0,0,1,0,0,1,0,0,0,1,0,0,0,0,0,0,0,0,0,0
tt0138097,shakespeareinlove,1998,-0.7285728443120001,0,0.7396526564062118,0.3085676403758826,1,0,1,1,-0.12155438222842979,0,0,0,0,1,0,1,0,0,0,1,0,0,0,0,0,0,0,0,0,0
tt0140352,theinsider,1999,0.46442334830761367,0,1.521281703898782,0.3085676403758826,0,0,0,0,1.0995146392480686,0,0,0,1,0,0,1,0,0,0,1,0,0,0,0,0,0,0,0,0,0
tt0167260,thelordoftheringsthereturnoftheking,2003,2.5095596785126655,1,1.5478164286567955,-0.6733845901952854,1,1,0,1,2.6797216082176547,0,1,0,0,0,0,1,0,1,0,0,0,0,0,0,0,0,0,0,0,0
tt0167261,thelordoftheringsthetwotowers,2002,2.1687036234784918,0,1.5478164286567955,-0.6733845901952854,0,0,0,0,1.8896181237328618,0,1,0,0,0,0,1,0,1,0,0,0,0,0,0,0,0,0,0,0,0
tt0167404,thesixthsense,1999,1.1461354583759633,0,1.026450047940276,-0.6733845901952854,0,0,0,0,-0.6961750982173702,0,0,0,0,0,0,1,0,0,0,0,0,0,0,1,0,0,0,1,0,0
tt0169547,americanbeauty,1999,1.3165634858930533,1,1.1601670983132675,0.3085676403758826,1,1,0,1,-0.15746817697773857,0,0,0,0,0,0,1,0,0,0,0,0,0,0,0,0,0,0,0,0,0
tt0172495,gladiator,2000,1.6574195409272274,0,1.603609811313434,-0.6733845901952854,1,1,0,1,1.027687049749451,1,1,0,0,0,0,1,0,0,0,0,0,0,0,0,0,0,0,0,0,0
tt0181865,traffic,2000,-0.04686073424364897,1,1.223869919007982,0.3085676403758826,0,0,0,0,0.7403766917549809,0,0,0,0,0,1,1,0,0,0,0,0,0,0,0,0,0,0,1,0,0
tt0190332,crouchingtigerhiddendragon,2000,0.6348513758247022,0,0.4279455879147794,-0.6733845901952854,0,0,0,0,-0.2292957664763561,1,1,0,0,0,0,1,0,0,0,0,0,0,0,0,0,0,0,0,0,0
tt0195685,erinbrockovich,2000,-0.04686073424364897,1,1.223869919007982,-0.6733845901952854,0,0,0,0,0.16575597576604043,0,0,0,1,0,0,1,0,0,0,0,0,0,0,0,0,0,0,0,0,0
tt0203009,moulinrouge,2001,0.12356729327343807,0,1.1626128030358494,-0.6733845901952854,0,0,1,0,0.022100796768805324,0,0,0,0,0,0,1,0,0,0,0,0,0,1,0,1,0,0,0,0,0
tt0217505,gangsofnewyork,2002,-0.04686073424364897,0,1.5669866706808975,0.3085676403758826,0,0,0,0,1.4586525867411564,0,0,0,0,0,1,1,0,0,0,0,0,0,0,0,0,0,0,0,0,0
tt0241303,chocolat,2000,-0.5581448167949116,0,1.223869919007982,1.2905198709470507,0,0,0,0,-0.19338197172704735,0,0,0,0,0,0,1,0,0,0,0,0,0,0,0,1,0,0,0,0,0
tt0247425,inthebedroom,2001,-0.217288761760736,0,1.283751997467135,1.2905198709470507,0,0,0,0,0.16575597576604043,0,0,0,0,0,1,1,0,0,0,0,0,0,0,0,0,0,0,0,0,0
tt0253474,thepianist,2002,1.6574195409272274,1,0.9449688573545276,-0.6733845901952854,1,0,0,0,0.8481180760029072,0,0,0,1,0,0,1,0,0,0,0,0,1,0,0,0,0,0,0,0,0
tt0268978,abeautifulmind,2001,1.1461354583759633,1,1.253179063034803,0.3085676403758826,0,1,0,1,0.3094111547632755,0,0,0,1,0,0,1,0,0,0,0,0,0,0,1,0,0,0,0,0,0
tt0274558,thehours,2002,-0.04686073424364897,0,1.3106996207747998,1.2905198709470507,0,1,0,0,-0.5884337139694439,0,0,0,0,0,0,1,0,0,0,0,0,0,0,0,1,0,0,0,0,0
tt0280707,gosfordpark,2001,-0.5581448167949116,0,0.5973571643685696,1.2905198709470507,0,0,0,0,0.3812387442618931,0,0,0,0,1,0,1,0,0,0,0,0,0,0,1,0,0,0,0,0,0
tt0299658,chicago,2002,-0.5581448167949116,0,1.0983215518451237,-0.6733845901952854,0,0,1,1,-0.48069232972151754,0,0,0,0,1,1,0,0,0,0,0,0,0,1,0,0,0,0,0,0,0
tt0308644,findingneverland,2004,0.12356729327343807,0,0.7396526564062118,2.2724721015182188,0,0,0,0,-0.732088892966679,0,0,0,1,0,0,1,1,0,0,0,0,0,0,0,0,0,0,0,0,0
tt0311113,masterandcommanderthefarsideoftheworld,2003,-0.04686073424364897,0,1.8329887859502716,0.3085676403758826,0,0,0,0,0.41715253901120186,1,1,0,0,0,0,1,0,0,0,0,0,0,0,0,0,0,0,0,0,0
tt0327056,mysticriver,2003,0.6348513758247022,1,0.7396526564062118,0.3085676403758826,0,0,0,0,0.41715253901120186,0,0,0,0,0,1,1,0,0,0,0,0,0,0,1,0,0,0,0,0,0
tt0329575,seabiscuit,2003,-0.38771678927782455,0,1.3493427224653038,0.3085676403758826,0,0,0,0,0.4889801285098194,0,0,0,0,0,0,1,0,0,0,1,0,0,0,0,0,0,1,0,0,0
tt0335266,lostintranslation,2003,0.2939953207905266,0,-0.3785930494118165,-0.6733845901952854,0,0,1,0,-0.8757440719639141,0,0,0,0,1,0,1,0,0,0,0,0,0,0,0,0,0,0,0,0,0
tt0338751,theaviator,2004,-0.04686073424364897,0,1.643731467458244,-0.6733845901952854,1,1,0,0,1.5663939709890828,0,0,0,1,0,0,1,0,0,0,0,0,0,0,0,0,0,0,0,0,0
tt0350258,ray,2004,0.2939953207905266,0,1.1426269704807468,-0.6733845901952854,0,0,0,0,0.9199456655015248,0,0,0,1,0,0,1,0,0,0,0,0,1,0,0,0,0,0,0,0,0
tt0361748,inglouriousbasterds,2009,1.4869915134101404,0,1.3679290074710335,-0.6733845901952854,0,0,0,0,0.9558594602508336,0,1,0,0,0,0,1,0,0,0,0,0,0,0,0,0,0,0,0,1,0
tt0375063,sideways,2004,-0.04686073424364897,0,1.1426269704807468,-0.6733845901952854,0,0,1,0,0.022100796768805324,0,0,0,0,1,0,1,0,0,0,0,0,0,0,0,1,0,0,0,0,0
tt0375679,crash,2005,0.2939953207905266,0,-0.08233501364674597,-0.6733845901952854,0,0,0,1,-0.5166061244708263,0,0,0,0,0,1,1,0,0,0,0,0,0,0,0,0,0,0,1,0,0
tt0379725,capote,2005,-0.38771678927782455,0,0.9242820455677997,-0.6733845901952854,0,0,0,0,-0.44477853497220876,0,0,0,1,0,1,1,0,0,0,0,0,0,0,0,0,0,0,0,0,0
tt0388795,brokebackmountain,2005,0.2939953207905266,1,0.38584596652579284,-0.6733845901952854,1,1,0,0,0.27349736001396674,0,0,0,0,0,0,1,0,0,0,0,0,0,0,0,1,0,0,0,0,0
tt0405159,milliondollarbaby,2004,0.9757074308588762,1,1.1426269704807468,0.3085676403758826,0,0,0,1,0.2016697705153492,0,0,0,0,0,0,1,0,0,0,0,0,0,0,0,0,0,1,0,0,0
tt0407887,thedeparted,2006,1.6574195409272274,1,1.521281703898782,2.2724721015182188,0,0,0,1,0.884031870752216,0,0,0,0,0,1,1,0,0,0,0,0,0,0,0,0,0,0,1,0,0
tt0408306,munich,2005,-0.04686073424364897,1,0.9242820455677997,0.3085676403758826,0,0,0,0,1.3509112024932302,0,0,0,0,0,0,1,0,0,0,1,0,0,0,0,0,0,0,1,0,0
tt0421715,thecuriouscaseofbenjaminbutton,2008,0.46442334830761367,0,1.3118156021697358,1.2905198709470507,0,0,0,0,1.4227387919918477,0,0,0,0,0,0,1,0,1,0,0,0,0,0,0,1,0,0,0,0,0
tt0433383,goodnightandgoodluck,2005,-0.217288761760736,0,-0.03711414872200377,-0.6733845901952854,0,0,0,0,-1.1989682247076932,0,0,0,1,0,0,1,0,0,0,1,0,0,0,0,0,0,0,0,0,0
tt0435761,toystory3,2010,1.3165634858930533,0,2.0085331115501823,1.2905198709470507,0,0,0,0,-0.8398302772146053,0,1,1,0,1,0,0,0,0,0,0,0,0,0,0,0,0,0,0,0,0
tt0436697,thequeen,2006,-0.38771678927782455,0,0.7172802015273663,-0.6733845901952854,1,0,0,0,-0.8398302772146053,0,0,0,1,0,0,1,0,0,0,0,0,0,0,0,0,0,0,0,0,0
tt0443272,lincoln,2012,-0.38771678927782455,1,1.3227081365113234,3.254424332089387,0,0,0,0,0.8481180760029072,0,0,0,1,0,0,1,0,0,0,1,0,0,0,0,0,0,0,0,0,0
tt0449059,littlemisssunshine,2006,0.46442334830761367,0,0.04436703314656808,-0.6733845901952854,0,0,0,0,-0.9116578667132229,0,0,0,0,1,0,1,0,0,0,0,0,0,0,0,0,0,0,0,0,0
tt0449467,babel,2006,-0.04686073424364897,0,0.7396526564062118,0.3085676403758826,0,1,0,0,0.5967215127577458,0,0,0,0,0,0,1,0,0,0,0,0,0,0,0,0,0,0,0,0,0
tt0454876,lifeofpi,2012,0.6348513758247022,1,1.075808415866692,-0.6733845901952854,0,0,0,0,0.022100796768805324,0,1,0,0,0,0,1,0,1,0,0,0,0,0,0,0,0,0,0,0,0
tt0465538,michaelclayton,2007,-0.5581448167949116,0,0.6476201524404568,0.3085676403758826,0,0,0,0,-0.2652095612256649,0,0,0,0,0,1,1,0,0,0,0,0,0,0,1,0,0,0,0,0,0
tt0467406,juno,2007,-0.217288761760736,0,0.8209431280370282,-0.6733845901952854,0,0,0,0,-1.0912268404597667,0,0,0,0,1,0,1,0,0,0,0,0,0,0,0,0,0,0,0,0,0
tt0469494,therewillbeblood,2007,1.1461354583759633,0,0.7396526564062118,-0.6733845901952854,0,0,0,0,1.1354284339973775,0,0,0,0,0,0,1,0,0,0,0,0,0,0,0,0,0,0,0,0,0
tt0477302,extremelyloudincrediblyclose,2011,-1.0694288993461742,0,1.211079439491571,2.2724721015182188,0,0,0,0,0.09392838626742288,0,1,0,0,0,0,1,0,0,0,0,0,0,0,1,0,0,0,0,0,0
tt0477348,nocountryforoldmen,2007,1.1461354583759633,0,0.7396526564062118,0.3085676403758826,0,0,0,1,-0.15746817697773857,0,0,0,0,0,1,1,0,0,0,0,0,0,0,0,0,0,0,1,0,0
tt0478304,thetreeoflife,2011,-1.2398569268632629,0,0.8902872936074564,1.2905198709470507,0,0,0,0,0.45306633376051064,0,0,0,0,0,0,1,0,1,0,0,0,0,0,0,0,0,0,0,0,0
tt0498380,lettersfromiwojima,2006,0.46442334830761367,1,0.5721906082862046,-0.6733845901952854,0,0,0,0,0.5248939232591282,1,1,0,0,0,0,1,0,0,0,0,0,0,0,0,0,0,0,0,0,0
tt0499549,avatar,2009,0.6348513758247022,1,2.1121105804970686,-0.6733845901952854,0,1,0,0,1.2790836129946126,1,1,0,0,0,0,0,0,1,0,0,0,0,0,0,0,0,0,0,0,0
tt0783233,atonement,2007,0.46442334830761367,0,0.8209431280370282,-0.6733845901952854,1,1,0,0,-0.12155438222842979,0,0,0,0,0,0,1,0,0,0,0,0,0,0,1,1,0,0,0,0,0
tt0790636,dallasbuyersclub,2013,0.6348513758247022,0,0.9970594248346133,-0.6733845901952854,0,0,0,0,-0.3370371507242825,0,0,0,1,0,0,1,0,0,0,0,0,0,0,0,0,0,0,0,0,0
tt0842926,thekidsareallright,2010,-0.8990008718290872,0,1.3512369887980196,-0.6733845901952854,0,0,1,0,-0.732088892966679,0,0,0,0,1,0,1,0,0,0,0,0,0,0,0,1,0,0,0,0,0
tt0870111,frostnixon,2008,0.12356729327343807,1,1.3118156021697358,-0.6733845901952854,0,0,0,0,-0.15746817697773857,0,0,0,1,0,0,1,0,0,0,1,0,0,0,0,0,0,0,0,0,0
tt0878804,theblindside,2009,0.12356729327343807,0,1.4470587414542304,0.3085676403758826,0,0,0,0,0.09392838626742288,0,0,0,1,0,0,1,0,0,0,0,0,0,0,0,0,0,1,0,0,0
tt0887912,thehurtlocker,2009,-0.04686073424364897,1,0.4279455879147794,-0.6733845901952854,1,0,0,1,0.16575597576604043,0,0,0,0,0,0,1,0,0,0,0,0,0,0,0,0,0,0,1,1,0
tt0929632,preciousbasedonthenovelpushbysapphire,2009,-0.38771678927782455,0,1.4470587414542304,-0.6733845901952854,0,0,0,0,-0.5884337139694439,0,0,0,0,0,0,1,0,0,0,0,0,0,0,0,0,0,0,0,0,0
tt0947798,blackswan,2010,0.8052794033417893,0,0.3406250982482902,-0.6733845901952854,0,0,0,0,-0.6602613034680614,0,0,0,0,0,0,1,0,0,0,0,0,0,0,0,0,0,0,1,0,0
tt0964517,thefighter,2010,0.46442334830761367,0,1.3512369887980196,-0.6733845901952854,0,0,0,0,-0.3729509454735912,1,0,0,1,0,0,1,0,0,0,0,0,0,0,0,0,0,0,0,0,0
tt0970179,hugo,2011,-0.04686073424364897,1,1.211079439491571,0.3085676403758826,0,0,0,0,-0.013812997980503455,0,1,0,0,0,0,1,1,0,0,0,0,0,0,0,0,0,0,0,0,0
tt0976051,thereader,2008,0.12356729327343807,0,1.3118156021697358,-0.6733845901952854,0,0,0,0,-0.08564058747912101,0,0,0,0,0,0,1,0,0,0,0,0,0,0,1,1,0,0,0,0,0
tt0993846,thewolfofwallstreet,2013,1.1461354583759633,1,1.5855729557675082,0.3085676403758826,0,0,0,0,1.9255319184821704,0,0,0,1,1,1,0,0,0,0,0,0,0,0,0,0,0,0,0,0,0
tt1010048,slumdogmillionaire,2008,0.8052794033417893,0,0.4279455879147794,-0.6733845901952854,1,1,0,1,-0.2292957664763561,0,0,0,0,0,1,1,0,0,0,0,0,0,0,0,1,0,0,0,0,0
tt1013753,milk,2008,-0.04686073424364897,0,1.3118156021697358,0.3085676403758826,0,0,0,0,0.0580145915181141,0,0,0,1,0,0,1,0,0,0,1,0,0,0,0,0,0,0,0,0,0
tt1016150,allquietonthewesternfront,2022,0.46442334830761367,0,1.4925797300087031,-0.6733845901952854,1,0,0,0,0.7762904865042897,0,0,0,0,0,0,1,0,0,0,1,0,0,0,0,0,0,0,0,1,0
tt1019452,aseriousman,2009,-0.8990008718290872,0,1.4470587414542304,-0.6733845901952854,0,0,0,0,-0.732088892966679,0,0,0,0,1,0,1,0,0,0,0,0,0,0,0,0,0,0,0,0,0
tt1020072,selma,2014,-0.04686073424364897,0,1.076169227339013,-0.6733845901952854,0,0,0,0,0.0580145915181141,0,0,0,1,0,0,1,0,0,0,1,0,0,0,0,0,0,0,0,0,0
tt1024648,argo,2012,0.2939953207905266,0,1.0915035757750877,0.3085676403758826,1,1,0,1,-0.2292957664763561,0,0,0,1,0,0,1,0,0,0,1,0,0,0,0,0,0,0,0,0,0
tt10272386,thefather,2020,1.1461354583759633,0,0.6034899043616535,1.2905198709470507,0,0,0,0,-1.055313045710458,0,0,0,0,0,0,1,0,0,0,0,0,0,0,1,0,0,0,0,0,0
tt10293406,thepowerofthedog,2021,-1.2398569268632629,1,1.01100105800631,-0.6733845901952854,1,1,0,0,-0.013812997980503455,0,0,0,0,0,0,1,0,0,0,0,0,0,0,0,0,0,0,0,0,1
tt1033575,thedescendants,2011,-0.38771678927782455,0,1.211079439491571,0.3085676403758826,0,1,0,0,-0.4088647402229,0,0,0,0,1,0,1,0,0,0,0,0,0,0,0,0,0,0,0,0,0
tt10366460,coda,2021,0.8052794033417893,0,0.18052977603809103,0.3085676403758826,0,0,0,1,-0.5525199192201351,0,0,0,0,1,0,1,0,0,0,0,0,1,0,0,0,0,0,0,0,0
tt1045658,silverliningsplaybook,2012,0.2939953207905266,0,0.6332617842139314,1.2905198709470507,0,0,0,0,-0.15746817697773857,0,0,0,0,1,0,1,0,0,0,0,0,0,0,0,1,0,0,0,0,0
tt1049413,up,2009,1.3165634858930533,0,1.9270519192209965,-0.6733845901952854,0,0,0,0,-1.0912268404597667,0,1,1,0,1,0,0,0,0,0,0,0,0,0,0,0,0,0,0,0,0
tt10618286,mank,2020,-1.2398569268632629,0,1.13034926690644,0.3085676403758826,0,0,0,0,0.16575597576604043,0,0,0,1,0,0,1,0,0,0,0,0,0,0,0,0,0,0,0,0,0
tt10633456,minari,2020,-0.217288761760736,0,-0.8015530556949281,-0.6733845901952854,0,0,0,0,-0.4088647402229,0,0,0,0,0,0,1,0,0,0,0,0,0,0,0,0,0,0,0,0,0
tt1065073,boyhood,2014,0.6348513758247022,0,-0.3785930494118165,-0.6733845901952854,1,1,0,0,1.3868249972425388,0,0,0,0,0,0,1,0,0,0,0,0,0,0,0,0,0,0,0,0,0
tt1070874,thetrialofthechicago7,2020,0.2939953207905266,0,1.13034926690644,1.2905198709470507,0,0,0,0,0.09392838626742288,0,0,0,0,0,0,1,0,0,0,1,0,0,0,0,0,0,0,1,0,0
tt11271038,licoricepizza,2021,-0.7285728443120001,0,1.3051492813473868,1.2905198709470507,0,0,0,0,0.237583565264658,0,0,0,0,1,0,1,0,0,0,0,0,0,0,0,1,0,0,0,0,0
tt11286314,dontlookup,2021,-0.5581448167949116,0,1.410028631184602,7.182233254374059,0,0,0,0,0.41715253901120186,0,0,0,0,1,0,1,0,0,0,0,0,0,0,0,0,1,0,0,0,0
tt1136608,district9,2009,0.6348513758247022,0,0.8509057264083826,-0.6733845901952854,0,0,0,0,-0.5166061244708263,1,0,0,0,0,0,0,0,0,0,0,0,0,0,0,0,1,0,1,0,0
tt11563598,acompleteunknown,2024,-0.217288761760736,0,1.3227081365113234,-0.6733845901952854,0,0,0,0,0.5248939232591282,0,0,0,1,0,0,1,0,0,0,0,0,1,0,0,0,0,0,0,0,0
tt1160419,dune,2021,0.8052794033417893,0,1.891147297825914,0.3085676403758826,0,0,0,0,1.027687049749451,1,1,0,0,0,0,1,0,0,0,0,0,0,0,0,0,0,0,0,0,0
tt1174732,aneducation,2009,-0.5581448167949116,0,1.4470587414542304,-0.6733845901952854,0,0,0,0,-0.9475716614625317,0,0,0,0,0,0,1,0,0,0,0,0,0,0,0,0,0,0,0,0,0
tt11813216,thebansheesofinisherin,2022,0.2939953207905266,0,0.6034899043616535,-0.6733845901952854,1,0,1,0,-0.44477853497220876,0,0,0,0,1,0,1,0,0,0,0,0,0,0,0,0,0,0,0,0,0
tt1193138,upintheair,2009,-0.217288761760736,0,0.7396526564062118,0.3085676403758826,0,0,0,0,-0.6243475087187527,0,0,0,0,1,0,1,0,0,0,0,0,0,0,0,1,0,0,0,0,0
tt1210166,moneyball,2011,0.12356729327343807,0,1.1626128030358494,0.3085676403758826,0,0,0,0,0.237583565264658,0,0,0,1,0,0,1,0,0,0,0,0,0,0,0,0,0,1,0,0,0
tt1262426,wicked,2024,-0.04686073424364897,0,1.812301973702634,0.3085676403758826,0,0,0,0,1.207256023495995,0,0,0,0,0,0,0,0,1,0,0,0,0,1,0,1,0,0,0,0,0
tt12789558,belfast,2021,-0.5581448167949116,0,1.3051492813473868,0.3085676403758826,0,0,0,0,-1.0193992509611491,0,0,0,1,0,0,1,0,0,0,0,0,0,0,0,1,0,0,0,0,0
tt1285016,thesocialnetwork,2010,0.46442334830761367,0,1.026450047940276,-0.6733845901952854,0,1,0,0,-0.2292957664763561,0,0,0,1,0,0,1,0,0,0,0,0,0,0,0,0,0,0,0,0,0
tt1302006,theirishman,2019,0.46442334830761367,1,1.0694439792327786,4.2363765626605545,0,0,0,0,2.967031966212125,0,0,0,1,0,1,1,0,0,0,0,0,0,0,0,0,0,0,0,0,0
tt13238346,pastlives,2023,0.46442334830761367,0,1.4363036399772473,-0.6733845901952854,0,0,0,0,-0.7680026877159878,0,0,0,0,0,0,1,0,0,0,0,0,0,0,0,1,0,0,0,0,0
tt13669038,womentalking,2022,-1.0694288993461742,0,1.4925797300087031,2.2724721015182188,0,0,0,0,-0.8039164824652966,0,0,0,0,0,0,1,0,0,0,0,0,0,0,0,0,0,0,0,0,0
tt1375666,inception,2010,2.1687036234784918,0,1.87237035416635,0.3085676403758826,0,0,0,0,0.7762904865042897,1,1,0,0,0,0,0,0,0,0,0,0,0,0,0,0,1,0,0,0,0
tt1392190,madmaxfuryroad,2015,0.9757074308588762,0,1.8329887859502716,0.3085676403758826,0,0,0,0,-0.2292957664763561,1,1,0,0,0,0,0,0,0,0,0,0,0,0,0,0,1,0,0,0,0
tt1399683,wintersbone,2010,-0.7285728443120001,0,1.3512369887980196,-0.6733845901952854,0,0,0,0,-0.9475716614625317,0,0,0,0,0,1,1,0,0,0,0,0,0,0,1,0,0,0,0,0,0
tt1403865,truegrit,2010,0.12356729327343807,0,0.9951507510619286,0.3085676403758826,0,0,0,0,-0.5884337139694439,0,0,0,0,0,0,1,0,0,0,0,0,0,0,0,0,0,0,0,0,1
tt14039582,drivemycar,2021,-0.04686073424364897,0,1.3051492813473868,-0.6733845901952854,0,0,0,0,1.8896181237328618,0,0,0,0,0,0,1,0,0,0,0,0,0,0,0,0,0,0,0,0,0
tt14208870,thefabelmans,2022,-0.04686073424364897,1,1.026450047940276,-0.6733845901952854,0,1,0,0,0.884031870752216,0,0,0,0,0,0,1,0,0,0,0,0,0,0,0,0,0,0,0,0,0
tt14230458,poorthings,2023,0.46442334830761367,0,0.9449688573545276,0.3085676403758826,0,0,1,0,0.5248939232591282,0,0,0,0,1,0,1,0,0,0,0,0,0,0,0,1,0,0,0,0,0
tt14444726,tr,2022,-0.217288761760736,0,1.4925797300087031,1.2905198709470507,0,0,0,0,1.1354284339973775,0,0,0,0,0,0,1,0,0,0,0,0,1,0,0,0,0,0,0,0,0
tt1454029,thehelp,2011,0.9757074308588762,0,0.7396526564062118,-0.6733845901952854,0,0,0,0,0.7044628970056721,0,0,0,0,0,0,1,0,0,0,0,0,0,0,0,0,0,0,0,0,0
tt1454468,gravity,2013,0.2939953207905266,1,1.5855729557675082,1.2905198709470507,0,0,0,0,-1.2707958142063107,0,0,0,0,0,0,1,0,0,0,0,0,0,0,0,0,1,0,1,0,0
tt14849194,theholdovers,2023,0.6348513758247022,0,1.4363036399772473,-0.6733845901952854,0,0,0,0,0.237583565264658,0,0,0,0,1,0,1,0,0,0,0,0,0,0,0,0,0,0,0,0,0
tt14961016,imstillhere,2024,1.3165634858930533,0,1.4140831478661062,-0.6733845901952854,0,0,0,0,0.3812387442618931,0,0,0,1,0,0,1,0,0,0,1,0,0,0,0,0,0,0,0,0,0
tt1504320,thekingsspeech,2010,0.8052794033417893,1,1.3512369887980196,0.3085676403758826,1,0,0,1,-0.3011233559749737,0,0,0,1,0,0,1,0,0,0,1,0,0,0,0,0,0,0,0,0,0
tt1517268,barbie,2023,-1.2398569268632629,0,1.812301973702634,-0.6733845901952854,0,0,0,0,-0.44477853497220876,0,1,0,0,1,0,0,0,1,0,0,0,0,0,0,0,0,0,0,0,0
tt1517451,astarisborn,2018,0.12356729327343807,0,0.962158797088554,-0.6733845901952854,0,0,0,0,0.3453249495125843,0,0,0,0,0,0,1,0,0,0,0,0,1,0,0,1,0,0,0,0,0
tt15239678,duneparttwo,2024,1.6574195409272274,0,1.9772338140295174,1.2905198709470507,0,0,0,0,1.4227387919918477,1,1,0,0,0,0,1,0,0,0,0,0,0,0,0,0,0,0,0,0,0
tt1535109,captainphillips,2013,0.46442334830761367,0,1.220771314171854,1.2905198709470507,0,0,0,0,0.27349736001396674,1,0,0,1,0,1,0,0,0,0,0,0,0,0,0,0,0,0,0,0,0
tt15398776,oppenheimer,2023,1.3165634858930533,1,1.5855729557675082,-0.6733845901952854,1,1,0,1,1.9255319184821704,0,0,0,1,0,0,1,0,0,0,1,0,0,0,0,0,0,0,0,0,0
tt1542344,127hours,2010,-0.04686073424364897,1,0.5391986552049365,-0.6733845901952854,0,0,0,0,-1.1630544299583843,0,0,0,1,0,0,1,0,0,0,0,0,0,0,0,0,0,0,0,0,0
tt1568911,warhorse,2011,-0.5581448167949116,1,1.33202438639294,-0.6733845901952854,0,0,0,0,0.7044628970056721,0,1,0,0,0,0,1,0,0,0,0,0,0,0,0,0,0,0,0,1,0
tt1596363,thebigshort,2015,0.46442334830761367,0,0.8088061035665318,0.3085676403758826,0,0,0,0,0.12984218101673164,0,0,0,1,1,0,1,0,0,0,0,0,0,0,0,0,0,0,0,0,0
tt1602620,amour,2012,0.6348513758247022,0,0.10942055481079174,-0.6733845901952854,0,0,0,0,0.022100796768805324,0,0,0,0,0,0,1,0,0,0,0,0,0,0,0,0,0,0,0,0,0
tt1605783,midnightinparis,2011,0.12356729327343807,1,0.5043204488264961,0.3085676403758826,0,0,0,0,-1.1630544299583843,0,0,0,0,1,0,0,0,1,0,0,0,0,0,0,1,0,0,0,0,0
tt1630029,avatarthewayofwater,2022,-0.04686073424364897,1,2.1446958690865636,0.3085676403758826,0,0,0,0,2.356497455473876,1,1,0,0,0,0,0,0,1,0,0,0,0,0,0,0,0,0,0,0,0
tt1655442,theartist,2011,0.46442334830761367,1,0.4279455879147794,-0.6733845901952854,1,0,1,1,-0.9475716614625317,0,0,0,0,1,0,1,0,0,0,0,0,0,0,0,1,0,0,0,0,0
tt1663202,therevenant,2015,0.8052794033417893,1,1.7686975338555424,-0.6733845901952854,1,1,0,0,1.06360084449876,0,1,0,0,0,0,1,0,0,0,0,0,0,0,0,0,0,0,0,0,1
tt17009710,anatomyofafall,2023,0.12356729327343807,0,-0.11116883868950905,-0.6733845901952854,0,0,0,0,0.884031870752216,0,0,0,0,0,1,1,0,0,0,0,0,0,0,0,0,0,0,1,0,0
tt1707386,lesmisrables,2012,-0.04686073424364897,1,1.2839520966699884,0.3085676403758826,0,0,1,0,1.1354284339973775,0,0,0,0,0,0,1,0,0,0,0,0,0,1,0,1,0,0,0,0,0
tt1727824,bohemianrhapsody,2018,0.6348513758247022,0,1.0737834679612854,-0.6733845901952854,0,1,0,0,0.27349736001396674,0,0,0,1,0,0,1,0,0,0,0,0,1,0,0,0,0,0,0,0,0
tt1745960,topgunmaverick,2022,1.1461354583759633,0,1.8410710566858297,0.3085676403758826,0,0,0,0,0.12984218101673164,1,0,0,0,0,0,1,0,0,0,0,0,0,0,0,0,0,0,0,0,0
tt17526714,thesubstance,2024,-0.38771678927782455,0,0.5220087159551982,-0.6733845901952854,0,0,0,0,0.5248939232591282,0,0,0,0,0,0,1,0,0,0,0,1,0,0,0,0,1,0,0,0,0
tt1790885,zerodarkthirty,2012,-0.217288761760736,1,1.075808415866692,-0.6733845901952854,0,0,0,0,1.0995146392480686,0,0,0,0,0,0,1,0,0,0,1,0,0,0,0,0,0,0,1,0,0
tt1798709,her,2013,0.8052794033417893,0,0.6887729903286355,-0.6733845901952854,0,0,0,0,-0.013812997980503455,0,0,0,0,0,0,1,0,0,0,0,0,0,0,0,1,1,0,0,0,0
tt1800241,americanhustle,2013,-0.5581448167949116,0,1.026450047940276,1.2905198709470507,0,0,1,0,0.41715253901120186,0,0,0,0,0,1,1,0,0,0,0,0,0,0,0,0,0,0,0,0,0
tt1821549,nebraska,2013,0.2939953207905266,0,0.29178283993823606,-0.6733845901952854,0,0,0,0,-0.4088647402229,0,0,0,0,0,0,1,0,0,0,0,0,0,0,0,0,0,0,0,0,0
tt1825683,blackpanther,2018,-0.38771678927782455,0,2.0085331115501823,0.3085676403758826,0,0,0,0,0.27349736001396674,1,1,0,0,0,0,0,0,0,0,0,0,0,0,0,0,1,0,0,0,0
tt1853728,djangounchained,2012,1.6574195409272274,0,1.5855729557675082,1.2905198709470507,0,0,0,0,1.3868249972425388,0,0,0,0,0,0,0,0,0,0,0,0,0,0,0,0,0,0,0,0,1
tt1895587,spotlight,2015,0.9757074308588762,0,0.6034899043616535,-0.6733845901952854,0,0,0,1,0.09392838626742288,0,0,0,1,0,1,1,0,0,0,0,0,0,0,0,0,0,0,0,0,0
tt1950186,fordvferrari,2019,0.9757074308588762,0,1.570749493605844,0.3085676403758826,0,0,0,0,0.9199456655015248,1,0,0,1,0,0,1,0,0,0,0,0,0,0,0,0,0,0,0,0,0
tt20215234,conclave,2024,-0.217288761760736,0,0.6034899043616535,-0.6733845901952854,1,0,0,0,-0.2292957664763561,0,0,0,0,0,0,1,0,0,0,0,0,0,0,0,0,0,0,1,0,0
tt20221436,emiliaprez,2024,-3.625849312102489,0,0.7396526564062118,-0.6733845901952854,0,0,0,0,0.2016697705153492,0,0,0,0,0,1,1,0,0,0,0,0,0,1,0,0,0,0,0,0,0
tt2024544,12yearsaslave,2013,0.9757074308588762,0,0.6034899043616535,-0.6733845901952854,1,1,0,1,0.27349736001396674,0,0,0,1,0,0,1,0,0,0,1,0,0,0,0,0,0,0,0,0,0
tt2084970,theimitationgame,2014,0.8052794033417893,0,0.38584596652579284,-0.6733845901952854,0,0,0,0,-0.44477853497220876,0,0,0,1,0,0,1,0,0,0,0,0,0,0,0,0,0,0,1,0,0
tt2119532,hacksawridge,2016,0.9757074308588762,1,1.026450047940276,-0.6733845901952854,0,0,0,0,0.45306633376051064,0,0,0,1,0,0,1,0,0,0,1,0,0,0,0,0,0,0,0,0,0
tt2125435,beastsofthesouthernwild,2012,-0.5581448167949116,0,1.075808415866692,-0.6733845901952854,0,0,0,0,-1.1989682247076932,0,1,0,0,0,0,1,0,1,0,0,0,0,0,0,0,0,0,0,0,0
tt2179136,americansniper,2014,-0.38771678927782455,1,1.261538132290006,-0.6733845901952854,0,0,0,0,0.237583565264658,1,0,0,1,0,0,1,0,0,0,0,0,0,0,0,0,0,0,0,0,0
tt21970768,maestro,2023,-2.944137202034139,0,1.4363036399772473,-0.6733845901952854,0,0,0,0,0.09392838626742288,0,0,0,0,0,0,1,0,0,0,0,0,0,0,0,0,0,0,0,0,0
tt2278388,thegrandbudapesthotel,2014,0.9757074308588762,0,0.7396526564062118,1.2905198709470507,0,0,1,0,-0.9834854562118405,0,0,0,0,1,0,1,0,0,0,0,0,0,0,0,0,0,0,0,0,0
tt23055660,nickelboys,2024,-0.8990008718290872,0,0.6940561618356333,-0.6733845901952854,0,0,0,0,0.4889801285098194,0,0,0,0,0,0,1,0,0,0,0,0,0,0,0,0,0,0,0,0,0
tt23561236,americanfiction,2023,-0.04686073424364897,0,1.4363036399772473,-0.6733845901952854,0,0,0,0,-0.3370371507242825,0,0,0,0,1,0,1,0,0,0,0,0,0,0,0,0,0,0,0,0,0
tt2381111,brooklyn,2015,-0.04686073424364897,0,0.23868828273626072,0.3085676403758826,0,0,0,0,-0.3370371507242825,0,0,0,0,0,0,1,0,0,0,0,0,0,0,0,1,0,0,0,0,0
tt2431286,philomena,2013,0.12356729327343807,0,0.29178283993823606,0.3085676403758826,0,0,0,0,-1.0193992509611491,0,0,0,1,1,0,1,0,0,0,0,0,0,0,0,0,0,0,0,0,0
tt2543164,arrival,2016,0.6348513758247022,0,1.1248562763146255,0.3085676403758826,0,0,0,0,-0.3729509454735912,0,0,0,0,0,0,1,0,0,0,0,0,0,0,1,0,1,0,0,0,0
tt2562232,birdmanortheunexpectedvirtueofignorance,2014,0.2939953207905266,1,0.5391986552049365,-0.6733845901952854,0,0,0,1,-0.2652095612256649,0,0,0,0,1,0,1,0,0,0,0,0,0,0,0,0,0,0,0,0,0
tt2582782,hellorhighwater,2016,0.12356729327343807,0,0.29178283993823606,0.3085676403758826,0,0,0,0,-0.8757440719639141,0,0,0,0,0,1,1,0,0,0,0,0,0,0,0,0,0,0,1,0,0
tt2582802,whiplash,2014,1.6574195409272274,0,-0.49597883142405264,-0.6733845901952854,0,0,0,0,-0.732088892966679,0,0,0,0,0,0,1,0,0,0,0,0,1,0,0,0,0,0,0,0,0
tt2584384,jojorabbit,2019,0.6348513758247022,0,0.38584596652579284,0.3085676403758826,0,0,0,0,-0.6602613034680614,0,0,0,0,1,0,1,0,0,0,0,0,0,0,0,0,0,0,0,1,0
tt2671706,fences,2016,-0.5581448167949116,0,0.7147429733468178,1.2905198709470507,0,0,0,0,0.45306633376051064,0,0,0,0,0,0,1,0,0,0,0,0,0,0,0,0,0,0,0,0,0
tt28607951,anora,2024,-0.04686073424364897,1,1.4140831478661062,-0.6733845901952854,0,0,0,1,0.45306633376051064,0,0,0,0,1,0,1,0,0,0,0,0,0,0,0,1,0,0,0,0,0
tt2980516,thetheoryofeverything,2014,0.2939953207905266,0,0.4279455879147794,-0.6733845901952854,0,0,0,0,-0.12155438222842979,0,0,0,1,0,0,1,0,0,0,0,0,0,0,0,1,0,0,0,0,0
tt3170832,room,2015,0.9757074308588762,0,-0.13117726804524604,-0.6733845901952854,0,0,0,0,-0.3011233559749737,0,0,0,0,0,0,1,0,0,0,0,0,0,0,0,0,0,0,1,0,0
tt3281548,littlewomen,2019,0.46442334830761367,0,1.026450047940276,-0.6733845901952854,0,0,0,0,0.3094111547632755,0,0,0,0,0,0,1,0,0,0,0,0,0,0,0,1,0,0,0,0,0
tt3581652,westsidestory,2021,-0.7285728443120001,1,1.5855729557675082,0.3085676403758826,0,0,1,0,1.06360084449876,0,0,0,0,0,1,1,0,0,0,0,0,0,1,0,0,0,0,0,0,0
tt3659388,themartian,2015,0.8052794033417893,0,1.632534776838963,-0.6733845901952854,0,0,1,0,0.6326353075070545,0,1,0,0,0,0,1,0,0,0,0,0,0,0,0,0,1,0,0,0,0
tt3682448,bridgeofspies,2015,0.12356729327343807,1,1.026450047940276,1.2905198709470507,0,0,0,0,0.560807718008437,0,0,0,0,0,0,1,0,0,0,1,0,0,0,0,0,0,0,1,0,0
tt3704428,elvis,2022,-0.38771678927782455,0,1.4864034959250414,1.2905198709470507,0,0,0,0,1.1713422287466861,0,0,0,1,0,0,1,0,0,0,0,0,1,0,0,0,0,0,0,0,0
tt3741834,lion,2016,0.8052794033417893,0,0.29178283993823606,0.3085676403758826,0,0,0,0,-0.3011233559749737,0,0,0,1,0,0,1,0,0,0,0,0,0,0,0,0,0,0,0,0,0
tt3783958,lalaland,2016,0.8052794033417893,1,0.8509057264083826,0.3085676403758826,1,0,1,0,0.0580145915181141,0,0,0,0,1,0,1,0,0,0,0,0,1,0,0,0,0,0,0,0,0
tt4034228,manchesterbythesea,2016,0.46442334830761367,0,0.08136032588707408,-0.6733845901952854,0,0,0,0,0.3812387442618931,0,0,0,0,0,0,1,0,0,0,0,0,0,0,0,0,0,0,0,0,0
tt4555426,darkesthour,2017,-0.217288761760736,0,0.8509057264083826,-0.6733845901952854,0,0,0,0,-0.04972679272981223,0,0,0,1,0,0,1,0,0,0,1,0,0,0,0,0,0,0,0,0,0
tt4846340,hiddenfigures,2016,0.46442334830761367,0,0.7396526564062118,0.3085676403758826,0,0,0,0,0.022100796768805324,0,0,0,1,0,0,1,0,0,0,1,0,0,0,0,0,0,0,0,0,0
tt4925292,ladybird,2017,-0.217288761760736,0,0.18052977603809103,-0.6733845901952854,0,0,1,0,-1.1630544299583843,0,0,0,0,1,0,1,0,0,0,0,0,0,0,0,0,0,0,0,0,0
tt4975722,moonlight,2016,-0.217288761760736,0,-0.9770972806114834,-0.6733845901952854,0,1,0,1,-0.5525199192201351,0,0,0,0,0,0,1,0,0,0,0,0,0,0,0,0,0,0,0,0,0
tt5013056,dunkirk,2017,0.46442334830761367,0,1.5855729557675082,0.3085676403758826,0,0,0,0,-0.732088892966679,1,0,0,0,0,0,1,0,0,0,1,0,0,0,0,0,0,0,0,0,0
tt5027774,threebillboardsoutsideebbingmissouri,2017,0.9757074308588762,0,0.29178283993823606,0.3085676403758826,1,1,0,0,-0.4088647402229,0,0,0,0,1,1,1,0,0,0,0,0,0,0,0,0,0,0,0,0,0
tt5052448,getout,2017,0.46442334830761367,0,-0.30672156076202767,-0.6733845901952854,0,0,0,0,-0.8039164824652966,0,0,0,0,0,0,0,0,0,0,0,1,0,0,1,0,0,0,1,0,0
tt5083738,thefavourite,2018,-0.04686073424364897,0,1.0737834679612854,1.2905198709470507,0,0,0,0,-0.2652095612256649,0,0,0,1,1,0,1,0,0,0,0,0,0,0,0,0,0,0,0,0,0
tt5363618,soundofmetal,2020,0.2939953207905266,0,1.13034926690644,-0.6733845901952854,0,0,0,0,-0.2292957664763561,0,0,0,0,0,0,1,0,0,0,0,0,1,0,0,0,0,0,0,0,0
tt5537002,killersoftheflowermoon,2023,0.12356729327343807,1,2.0085331115501823,3.254424332089387,0,0,0,0,2.8592905819641987,0,0,0,0,0,1,1,0,0,0,1,0,0,0,0,0,0,0,0,0,0
tt5580390,theshapeofwater,2017,-0.38771678927782455,1,0.5880409461112761,0.3085676403758826,0,0,0,1,-0.12155438222842979,0,0,0,0,0,0,1,0,1,0,0,0,0,0,0,1,0,0,0,0,0
tt5726616,callmebyyourname,2017,0.46442334830761367,0,-0.46007422038391876,-0.6733845901952854,0,0,0,0,0.2016697705153492,0,0,0,0,0,0,1,0,0,0,0,0,0,0,0,1,0,0,0,0,0
tt5776858,phantomthread,2017,-0.217288761760736,0,0.9449688573545276,1.2905198709470507,0,0,0,0,0.12984218101673164,0,0,0,0,0,0,1,0,0,0,0,0,0,0,0,1,0,0,0,0,0
tt6155172,roma,2018,0.12356729327343807,1,0.4279455879147794,-0.6733845901952854,1,0,0,0,0.3094111547632755,0,0,0,0,0,0,1,0,0,0,0,0,0,0,0,0,0,0,0,0,0
tt6266538,vice,2018,-0.5581448167949116,0,1.0737834679612854,1.2905198709470507,0,0,0,0,0.2016697705153492,0,0,0,1,1,0,1,0,0,0,0,0,0,0,0,0,0,0,0,0,0
tt6294822,thepost,2017,-0.5581448167949116,1,0.9050889630120196,4.2363765626605545,0,0,0,0,-0.3729509454735912,0,0,0,1,0,0,1,0,0,0,1,0,0,0,0,0,0,0,0,0,0
tt6710474,everythingeverywhereallatonce,2022,0.46442334830761367,1,0.7396526564062118,-0.6733845901952854,0,0,0,1,0.45306633376051064,1,1,0,0,1,0,0,0,0,0,0,0,0,0,0,0,0,0,0,0,0
tt6751668,parasite,2019,1.6574195409272274,1,0.3499413475609545,-0.6733845901952854,0,0,0,1,0.2016697705153492,0,0,0,0,0,0,1,0,0,0,0,0,0,0,0,0,0,0,1,0,0
tt6966692,greenbook,2018,1.1461354583759633,0,0.6887729903286355,0.3085676403758826,0,0,1,1,0.12984218101673164,0,0,0,1,1,0,1,0,0,0,0,0,0,0,0,0,0,0,0,0,0
tt7131622,onceuponatimeinhollywood,2019,0.12356729327343807,0,1.0694439792327786,0.3085676403758826,0,0,1,0,1.2431698182453037,0,0,0,0,1,0,1,0,0,0,0,0,0,0,0,0,0,0,0,0,0
tt7160372,thezoneofinterest,2023,-0.38771678927782455,0,1.4363036399772473,-0.6733845901952854,0,0,0,0,-0.7680026877159878,0,0,0,0,0,0,1,0,0,0,1,0,0,0,0,0,0,0,0,1,0
tt7286456,joker,2019,1.3165634858930533,0,1.220771314171854,1.2905198709470507,0,0,0,0,-0.15746817697773857,0,0,0,0,0,1,1,0,0,0,0,0,0,0,0,0,0,0,1,0,0
tt7322224,triangleofsadness,2022,-0.38771678927782455,0,0.31669252198062575,-0.6733845901952854,0,0,0,0,0.7403766917549809,0,0,0,0,1,0,1,0,0,0,0,0,0,0,0,0,0,0,0,0,0
tt7349662,blackkklansman,2018,-0.04686073424364897,0,1.0737834679612854,-0.6733845901952854,0,0,0,0,0.3094111547632755,0,0,0,1,1,1,0,0,0,0,0,0,0,0,0,0,0,0,0,0,0
tt7653254,marriagestory,2019,0.6348513758247022,0,0.5391986552049365,-0.6733845901952854,0,0,0,0,0.3812387442618931,0,0,0,0,0,0,1,0,0,0,0,0,0,0,0,1,0,0,0,0,0
tt7740496,nightmarealley,2021,-0.8990008718290872,1,1.3051492813473868,2.2724721015182188,0,0,0,0,0.8481180760029072,0,0,0,0,0,1,1,0,0,0,0,0,0,0,0,0,0,0,1,0,0
tt8579674,1917,2019,1.1461354583759633,1,1.5542736584074224,0.3085676403758826,1,1,0,0,-0.2652095612256649,1,0,0,0,0,0,1,0,0,0,0,0,0,0,0,0,0,0,0,1,0
tt8999762,thebrutalist,2024,-0.217288761760736,0,0.15562009450420236,0.3085676403758826,0,1,0,0,3.2184285294572863,0,0,0,0,0,0,1,0,0,0,0,0,0,0,0,0,0,0,0,0,0
tt9620288,kingrichard,2021,-0.04686073424364897,0,1.3051492813473868,-0.6733845901952854,0,0,0,0,0.6326353075070545,0,0,0,1,0,0,1,0,0,0,0,0,0,0,0,0,0,1,0,0,0
tt9620292,promisingyoungwoman,2020,-0.04686073424364897,0,0.18052977603809103,-0.6733845901952854,0,0,0,0,-0.48069232972151754,0,0,0,0,0,1,1,0,0,0,0,0,0,0,1,0,0,0,0,0,0
tt9770150,nomadland,2020,-0.38771678927782455,1,-0.2424303217753514,1.2905198709470507,1,1,0,1,-0.6961750982173702,0,0,0,0,0,0,1,0,0,0,0,0,0,0,0,0,0,0,0,0,0
tt9784798,judasandtheblackmessiah,2020,-0.217288761760736,0,1.13034926690644,-0.6733845901952854,0,0,0,0,-0.013812997980503455,0,0,0,1,0,0,1,0,0,0,1,0,0,0,0,0,0,0,0,0,0
